budget_year;budget_version;budget_date;customer_name;bu_code;bu_currency;sales_amount_bu_currency
2023;BV1;31/01/2023;AllCustomers;ADBU;EUR;77761806.3767995
2023;BV1;31/01/2023;AllCustomers;AEBU;AED;165037701.523201
2023;BV1;31/01/2023;AllCustomers;ATBU;EUR;25138799.8953
2023;BV1;31/01/2023;AllCustomers;AUBU;AUD;23477066.7733001
2023;BV1;31/01/2023;AllCustomers;BEBU;EUR;56992555.62
2023;BV1;31/01/2023;AllCustomers;BHBU;BHD;19060591.4673999
2023;BV1;31/01/2023;AllCustomers;BMBU;BMD;28025354.87
2023;BV1;31/01/2023;AllCustomers;CABU;CAD;61391541.4
2023;BV1;31/01/2023;AllCustomers;CHBU;CHF;55566935.3668
2023;BV1;31/01/2023;AllCustomers;CYBU;EUR;20464847.676
2023;BV1;31/01/2023;AllCustomers;CZBU;CZK;727201732.991999
2023;BV1;31/01/2023;AllCustomers;DEBU;EUR;18468897.72
2023;BV1;31/01/2023;AllCustomers;DKBU;DKK;350893990.106401
2023;BV1;31/01/2023;AllCustomers;EEBU;EUR;17434649.9054
2023;BV1;31/01/2023;AllCustomers;ESBU;EUR;42590427.607
2023;BV1;31/01/2023;AllCustomers;FIBU;EUR;17692752.5775
2023;BV1;31/01/2023;AllCustomers;FKBU;FKP;21566713.7128
2023;BV1;31/01/2023;AllCustomers;FOBU;DKK;193679989.2474
2023;BV1;31/01/2023;AllCustomers;FRBU;EUR;17800294.694
2023;BV1;31/01/2023;AllCustomers;GBBU;GBP;17145051.12
2023;BV1;31/01/2023;AllCustomers;GGBU;GBP;15665284.7823999
2023;BV1;31/01/2023;AllCustomers;GIBU;GIP;48843289.495
2023;BV1;31/01/2023;AllCustomers;GRBU;EUR;28475612.6382
2023;BV1;31/01/2023;AllCustomers;HKBU;HKD;229457284.8984
2023;BV1;31/01/2023;AllCustomers;HUBU;HUF;10096543486.3692
2023;BV1;31/01/2023;AllCustomers;IEBU;EUR;25615264.675
2023;BV1;31/01/2023;AllCustomers;ILBU;ILS;101598790.293
2023;BV1;31/01/2023;AllCustomers;IMBU;GBP;21095824.1848001
2023;BV1;31/01/2023;AllCustomers;IOBU;USD;25663976.78
2023;BV1;31/01/2023;AllCustomers;ISBU;ISK;3304711577.412
2023;BV1;31/01/2023;AllCustomers;ITBU;EUR;41442197.0144001
2023;BV1;31/01/2023;AllCustomers;JEBU;GBP;13886399.9664
2023;BV1;31/01/2023;AllCustomers;JPBU;JPY;2469809223.2
2023;BV1;31/01/2023;AllCustomers;KRBU;KRW;70374384979.5601
2023;BV1;31/01/2023;AllCustomers;KWBU;KWD;15704179.2960001
2023;BV1;31/01/2023;AllCustomers;KYBU;KYD;15206453.2732
2023;BV1;31/01/2023;AllCustomers;LIBU;CHF;137620199.62
2023;BV1;31/01/2023;AllCustomers;LTBU;EUR;23621875.0404
2023;BV1;31/01/2023;AllCustomers;LUBU;EUR;32031189.2810002
2023;BV1;31/01/2023;AllCustomers;LVBU;EUR;24052915.5048
2023;BV1;31/01/2023;AllCustomers;MCBU;EUR;284748196.187
2023;BV1;31/01/2023;AllCustomers;MSBU;XCD;51776479.6379999
2023;BV1;31/01/2023;AllCustomers;MTBU;EUR;57217654.9854
2023;BV1;31/01/2023;AllCustomers;MYBU;MYR;111520760.7762
2023;BV1;31/01/2023;AllCustomers;NLBU;EUR;18787284.6161
2023;BV1;31/01/2023;AllCustomers;NOBU;NOK;459252654.336
2023;BV1;31/01/2023;AllCustomers;NZBU;NZD;77403024.0479998
2023;BV1;31/01/2023;AllCustomers;OMBU;OMR;23926264.9
2023;BV1;31/01/2023;AllCustomers;PLBU;PLN;86922079.8600002
2023;BV1;31/01/2023;AllCustomers;PNBU;NZD;41762531.3615999
2023;BV1;31/01/2023;AllCustomers;PTBU;EUR;22276110.8934
2023;BV1;31/01/2023;AllCustomers;QABU;QAR;168252359.3275
2023;BV1;31/01/2023;AllCustomers;SABU;SAR;239847997.725
2023;BV1;31/01/2023;AllCustomers;SEBU;SEK;468645510.580201
2023;BV1;31/01/2023;AllCustomers;SGBU;SGD;67793871.8599999
2023;BV1;31/01/2023;AllCustomers;SHBU;SHP;21975782.4568
2023;BV1;31/01/2023;AllCustomers;SIBU;EUR;23811664.1672
2023;BV1;31/01/2023;AllCustomers;SKBU;EUR;21850560.0768
2023;BV1;31/01/2023;AllCustomers;SMBU;EUR;255254565.929999
2023;BV1;31/01/2023;AllCustomers;TWBU;TWD;629621826.795
2023;BV1;31/01/2023;AllCustomers;USBU;USD;29862402.38
2023;BV1;31/01/2023;AllCustomers;VABU;EUR;169272396.384
2023;BV1;31/01/2023;AllCustomers;VGBU;USD;27497476.08
2023;BV1;31/01/2023;AllCustomers;WFBU;XPF;2870103885.81
2023;BV1;31/01/2023;AllCustomers;ZABU;ZAR;481482759.1875
2023;BV1;28/02/2023;AllCustomers;ADBU;EUR;62343517.1813996
2023;BV1;28/02/2023;AllCustomers;AEBU;AED;211923412.183201
2023;BV1;28/02/2023;AllCustomers;ATBU;EUR;20064913.6779
2023;BV1;28/02/2023;AllCustomers;AUBU;AUD;26122370.0717001
2023;BV1;28/02/2023;AllCustomers;BEBU;EUR;36185749.6
2023;BV1;28/02/2023;AllCustomers;BHBU;BHD;13210310.9179999
2023;BV1;28/02/2023;AllCustomers;BMBU;BMD;30753486.76
2023;BV1;28/02/2023;AllCustomers;CABU;CAD;50115544.0
2023;BV1;28/02/2023;AllCustomers;CHBU;CHF;47300779.6924
2023;BV1;28/02/2023;AllCustomers;CYBU;EUR;16144490.9444
2023;BV1;28/02/2023;AllCustomers;CZBU;CZK;477226137.275999
2023;BV1;28/02/2023;AllCustomers;DEBU;EUR;17117514.96
2023;BV1;28/02/2023;AllCustomers;DKBU;DKK;414999622.914301
2023;BV1;28/02/2023;AllCustomers;EEBU;EUR;29214818.7604
2023;BV1;28/02/2023;AllCustomers;ESBU;EUR;46625310.2224
2023;BV1;28/02/2023;AllCustomers;FIBU;EUR;17220945.8421
2023;BV1;28/02/2023;AllCustomers;FKBU;FKP;19335674.3632
2023;BV1;28/02/2023;AllCustomers;FOBU;DKK;159701043.7654
2023;BV1;28/02/2023;AllCustomers;FRBU;EUR;15997733.206
2023;BV1;28/02/2023;AllCustomers;GBBU;GBP;21336063.616
2023;BV1;28/02/2023;AllCustomers;GGBU;GBP;18869547.5787999
2023;BV1;28/02/2023;AllCustomers;GIBU;GIP;28178820.8625
2023;BV1;28/02/2023;AllCustomers;GRBU;EUR;15819784.799
2023;BV1;28/02/2023;AllCustomers;HKBU;HKD;184350297.2688
2023;BV1;28/02/2023;AllCustomers;HUBU;HUF;7979526303.7434
2023;BV1;28/02/2023;AllCustomers;IEBU;EUR;19327881.5275
2023;BV1;28/02/2023;AllCustomers;ILBU;ILS;92046767.2739997
2023;BV1;28/02/2023;AllCustomers;IMBU;GBP;15308474.1872001
2023;BV1;28/02/2023;AllCustomers;IOBU;USD;29221359.7
2023;BV1;28/02/2023;AllCustomers;ISBU;ISK;3115870915.8456
2023;BV1;28/02/2023;AllCustomers;ITBU;EUR;54055039.5840001
2023;BV1;28/02/2023;AllCustomers;JEBU;GBP;20636733.2834
2023;BV1;28/02/2023;AllCustomers;JPBU;JPY;3031129501.2
2023;BV1;28/02/2023;AllCustomers;KRBU;KRW;86105129857.3441
2023;BV1;28/02/2023;AllCustomers;KWBU;KWD;14194162.0560001
2023;BV1;28/02/2023;AllCustomers;KYBU;KYD;14589975.4378
2023;BV1;28/02/2023;AllCustomers;LIBU;CHF;161906117.2
2023;BV1;28/02/2023;AllCustomers;LTBU;EUR;17600612.7752
2023;BV1;28/02/2023;AllCustomers;LUBU;EUR;46918925.1440003
2023;BV1;28/02/2023;AllCustomers;LVBU;EUR;18039686.6286
2023;BV1;28/02/2023;AllCustomers;MCBU;EUR;266811301.939
2023;BV1;28/02/2023;AllCustomers;MSBU;XCD;84302729.6669999
2023;BV1;28/02/2023;AllCustomers;MTBU;EUR;56763546.6125
2023;BV1;28/02/2023;AllCustomers;MYBU;MYR;93756391.8030001
2023;BV1;28/02/2023;AllCustomers;NLBU;EUR;17881873.3093
2023;BV1;28/02/2023;AllCustomers;NOBU;NOK;502991002.368
2023;BV1;28/02/2023;AllCustomers;NZBU;NZD;79593675.6719998
2023;BV1;28/02/2023;AllCustomers;OMBU;OMR;16269860.132
2023;BV1;28/02/2023;AllCustomers;PLBU;PLN;85987433.8400002
2023;BV1;28/02/2023;AllCustomers;PNBU;NZD;31694778.2654999
2023;BV1;28/02/2023;AllCustomers;PTBU;EUR;23819999.7672
2023;BV1;28/02/2023;AllCustomers;QABU;QAR;166361883.38
2023;BV1;28/02/2023;AllCustomers;SABU;SAR;184644887.1375
2023;BV1;28/02/2023;AllCustomers;SEBU;SEK;559644638.848201
2023;BV1;28/02/2023;AllCustomers;SGBU;SGD;66437994.4227999
2023;BV1;28/02/2023;AllCustomers;SHBU;SHP;21615523.728
2023;BV1;28/02/2023;AllCustomers;SIBU;EUR;20217450.708
2023;BV1;28/02/2023;AllCustomers;SKBU;EUR;28906470.1016
2023;BV1;28/02/2023;AllCustomers;SMBU;EUR;300745478.669999
2023;BV1;28/02/2023;AllCustomers;TWBU;TWD;804516778.6825
2023;BV1;28/02/2023;AllCustomers;USBU;USD;21540093.52
2023;BV1;28/02/2023;AllCustomers;VABU;EUR;149033305.512
2023;BV1;28/02/2023;AllCustomers;VGBU;USD;18586256.98
2023;BV1;28/02/2023;AllCustomers;WFBU;XPF;2050074204.15
2023;BV1;28/02/2023;AllCustomers;ZABU;ZAR;373630621.1295
2023;BV1;31/03/2023;AllCustomers;ADBU;EUR;73069283.5781996
2023;BV1;31/03/2023;AllCustomers;AEBU;AED;225051411.168001
2023;BV1;31/03/2023;AllCustomers;ATBU;EUR;21909963.2115
2023;BV1;31/03/2023;AllCustomers;AUBU;AUD;26453032.9840001
2023;BV1;31/03/2023;AllCustomers;BEBU;EUR;42970577.65
2023;BV1;31/03/2023;AllCustomers;BHBU;BHD;16418529.2837999
2023;BV1;31/03/2023;AllCustomers;BMBU;BMD;27777342.88
2023;BV1;31/03/2023;AllCustomers;CABU;CAD;62017985.7
2023;BV1;31/03/2023;AllCustomers;CHBU;CHF;54648473.6252
2023;BV1;31/03/2023;AllCustomers;CYBU;EUR;18418362.9084
2023;BV1;31/03/2023;AllCustomers;CZBU;CZK;602213935.133999
2023;BV1;31/03/2023;AllCustomers;DEBU;EUR;22297815.54
2023;BV1;31/03/2023;AllCustomers;DKBU;DKK;418373603.588401
2023;BV1;31/03/2023;AllCustomers;EEBU;EUR;19790683.6764
2023;BV1;31/03/2023;AllCustomers;ESBU;EUR;57384997.1968
2023;BV1;31/03/2023;AllCustomers;FIBU;EUR;25241660.3439
2023;BV1;31/03/2023;AllCustomers;FKBU;FKP;22124473.5502
2023;BV1;31/03/2023;AllCustomers;FOBU;DKK;190282094.6992
2023;BV1;31/03/2023;AllCustomers;FRBU;EUR;23883939.716
2023;BV1;31/03/2023;AllCustomers;GBBU;GBP;16192548.28
2023;BV1;31/03/2023;AllCustomers;GGBU;GBP;16021313.9819999
2023;BV1;31/03/2023;AllCustomers;GIBU;GIP;40201784.4305
2023;BV1;31/03/2023;AllCustomers;GRBU;EUR;23277683.3471
2023;BV1;31/03/2023;AllCustomers;HKBU;HKD;139243309.6392
2023;BV1;31/03/2023;AllCustomers;HUBU;HUF;7653831352.5702
2023;BV1;31/03/2023;AllCustomers;IEBU;EUR;26080996.76
2023;BV1;31/03/2023;AllCustomers;ILBU;ILS;81626378.5259997
2023;BV1;31/03/2023;AllCustomers;IMBU;GBP;14935096.7680001
2023;BV1;31/03/2023;AllCustomers;IOBU;USD;27950865.8
2023;BV1;31/03/2023;AllCustomers;ISBU;ISK;3273238133.8176
2023;BV1;31/03/2023;AllCustomers;ITBU;EUR;39189903.6984001
2023;BV1;31/03/2023;AllCustomers;JEBU;GBP;15236466.6298
2023;BV1;31/03/2023;AllCustomers;JPBU;JPY;2385611181.5
2023;BV1;31/03/2023;AllCustomers;KRBU;KRW;77825790447.9841
2023;BV1;31/03/2023;AllCustomers;KWBU;KWD;11476131.0240001
2023;BV1;31/03/2023;AllCustomers;KYBU;KYD;21371231.6272
2023;BV1;31/03/2023;AllCustomers;LIBU;CHF;136001138.448
2023;BV1;31/03/2023;AllCustomers;LTBU;EUR;28485202.2546
2023;BV1;31/03/2023;AllCustomers;LUBU;EUR;35640337.3690002
2023;BV1;31/03/2023;AllCustomers;LVBU;EUR;17148837.9062
2023;BV1;31/03/2023;AllCustomers;MCBU;EUR;179368942.48
2023;BV1;31/03/2023;AllCustomers;MSBU;XCD;80319923.5409999
2023;BV1;31/03/2023;AllCustomers;MTBU;EUR;31787586.103
2023;BV1;31/03/2023;AllCustomers;MYBU;MYR;78952750.9920001
2023;BV1;31/03/2023;AllCustomers;NLBU;EUR;21050812.8831
2023;BV1;31/03/2023;AllCustomers;NOBU;NOK;472374158.7456
2023;BV1;31/03/2023;AllCustomers;NZBU;NZD;67179983.1359998
2023;BV1;31/03/2023;AllCustomers;OMBU;OMR;19332422.0392
2023;BV1;31/03/2023;AllCustomers;PLBU;PLN;93464602.0000002
2023;BV1;31/03/2023;AllCustomers;PNBU;NZD;30203259.2882999
2023;BV1;31/03/2023;AllCustomers;PTBU;EUR;18526666.4856
2023;BV1;31/03/2023;AllCustomers;QABU;QAR;132333316.325
2023;BV1;31/03/2023;AllCustomers;SABU;SAR;232233775.575
2023;BV1;31/03/2023;AllCustomers;SEBU;SEK;482295379.820401
2023;BV1;31/03/2023;AllCustomers;SGBU;SGD;77285013.9203999
2023;BV1;31/03/2023;AllCustomers;SHBU;SHP;17472548.3468
2023;BV1;31/03/2023;AllCustomers;SIBU;EUR;18644982.3196
2023;BV1;31/03/2023;AllCustomers;SKBU;EUR;23443830.0824
2023;BV1;31/03/2023;AllCustomers;SMBU;EUR;326018207.969999
2023;BV1;31/03/2023;AllCustomers;TWBU;TWD;804516778.6825
2023;BV1;31/03/2023;AllCustomers;USBU;USD;29617628.59
2023;BV1;31/03/2023;AllCustomers;VABU;EUR;149033305.512
2023;BV1;31/03/2023;AllCustomers;VGBU;USD;19350075.76
2023;BV1;31/03/2023;AllCustomers;WFBU;XPF;2870103885.81
2023;BV1;31/03/2023;AllCustomers;ZABU;ZAR;273482207.2185
2023;BV1;30/04/2023;AllCustomers;ADBU;EUR;65695319.1803996
2023;BV1;30/04/2023;AllCustomers;AEBU;AED;226926839.594401
2023;BV1;30/04/2023;AllCustomers;ATBU;EUR;18681126.5277
2023;BV1;30/04/2023;AllCustomers;AUBU;AUD;41332864.0375001
2023;BV1;30/04/2023;AllCustomers;BEBU;EUR;51112371.31
2023;BV1;30/04/2023;AllCustomers;BHBU;BHD;20570341.2865999
2023;BV1;30/04/2023;AllCustomers;BMBU;BMD;19840959.2
2023;BV1;30/04/2023;AllCustomers;CABU;CAD;77679093.2
2023;BV1;30/04/2023;AllCustomers;CHBU;CHF;43167701.8552
2023;BV1;30/04/2023;AllCustomers;CYBU;EUR;21147009.2652
2023;BV1;30/04/2023;AllCustomers;CZBU;CZK;659026570.523999
2023;BV1;30/04/2023;AllCustomers;DEBU;EUR;26126733.36
2023;BV1;30/04/2023;AllCustomers;DKBU;DKK;431869526.284801
2023;BV1;30/04/2023;AllCustomers;EEBU;EUR;27094388.3665
2023;BV1;30/04/2023;AllCustomers;ESBU;EUR;34968982.6668
2023;BV1;30/04/2023;AllCustomers;FIBU;EUR;24533950.2408
2023;BV1;30/04/2023;AllCustomers;FKBU;FKP;20823033.9296
2023;BV1;30/04/2023;AllCustomers;FOBU;DKK;125722098.2834
2023;BV1;30/04/2023;AllCustomers;FRBU;EUR;23883939.716
2023;BV1;30/04/2023;AllCustomers;GBBU;GBP;20955062.48
2023;BV1;30/04/2023;AllCustomers;GGBU;GBP;21895795.7753999
2023;BV1;30/04/2023;AllCustomers;GIBU;GIP;26300232.805
2023;BV1;30/04/2023;AllCustomers;GRBU;EUR;20791717.1644
2023;BV1;30/04/2023;AllCustomers;HKBU;HKD;184350297.2688
2023;BV1;30/04/2023;AllCustomers;HUBU;HUF;9608001059.6094
2023;BV1;30/04/2023;AllCustomers;IEBU;EUR;18862149.4425
2023;BV1;30/04/2023;AllCustomers;ILBU;ILS;100730424.564
2023;BV1;30/04/2023;AllCustomers;IMBU;GBP;13254898.3816001
2023;BV1;30/04/2023;AllCustomers;IOBU;USD;21852495.08
2023;BV1;30/04/2023;AllCustomers;ISBU;ISK;2517875487.552
2023;BV1;30/04/2023;AllCustomers;ITBU;EUR;39189903.6984001
2023;BV1;30/04/2023;AllCustomers;JEBU;GBP;21601066.6144
2023;BV1;30/04/2023;AllCustomers;JPBU;JPY;3255657612.4
2023;BV1;30/04/2023;AllCustomers;KRBU;KRW;70374384979.5601
2023;BV1;30/04/2023;AllCustomers;KWBU;KWD;16006182.7440001
2023;BV1;30/04/2023;AllCustomers;KYBU;KYD;17055886.7794
2023;BV1;30/04/2023;AllCustomers;LIBU;CHF;134382077.276
2023;BV1;30/04/2023;AllCustomers;LTBU;EUR;23621875.0404
2023;BV1;30/04/2023;AllCustomers;LUBU;EUR;58197512.9190004
2023;BV1;30/04/2023;AllCustomers;LVBU;EUR;19375959.7122
2023;BV1;30/04/2023;AllCustomers;MCBU;EUR;190579501.385
2023;BV1;30/04/2023;AllCustomers;MSBU;XCD;61733494.9529999
2023;BV1;30/04/2023;AllCustomers;MTBU;EUR;55855329.8667
2023;BV1;30/04/2023;AllCustomers;MYBU;MYR;71057475.8928001
2023;BV1;30/04/2023;AllCustomers;NLBU;EUR;27615044.8574
2023;BV1;30/04/2023;AllCustomers;NOBU;NOK;371775958.272
2023;BV1;30/04/2023;AllCustomers;NZBU;NZD;54036073.3919999
2023;BV1;30/04/2023;AllCustomers;OMBU;OMR;16844090.4896
2023;BV1;30/04/2023;AllCustomers;PLBU;PLN;97203186.0800002
2023;BV1;30/04/2023;AllCustomers;PNBU;NZD;39525252.8957999
2023;BV1;30/04/2023;AllCustomers;PTBU;EUR;19849999.806
2023;BV1;30/04/2023;AllCustomers;QABU;QAR;234419017.49
2023;BV1;30/04/2023;AllCustomers;SABU;SAR;215101775.7375
2023;BV1;30/04/2023;AllCustomers;SEBU;SEK;564194595.261601
2023;BV1;30/04/2023;AllCustomers;SGBU;SGD;65760055.7041999
2023;BV1;30/04/2023;AllCustomers;SHBU;SHP;18553324.5332
2023;BV1;30/04/2023;AllCustomers;SIBU;EUR;22239195.7788
2023;BV1;30/04/2023;AllCustomers;SKBU;EUR;16387920.0576
2023;BV1;30/04/2023;AllCustomers;SMBU;EUR;252727292.999999
2023;BV1;30/04/2023;AllCustomers;TWBU;TWD;853487365.211
2023;BV1;30/04/2023;AllCustomers;USBU;USD;27659438.27
2023;BV1;30/04/2023;AllCustomers;VABU;EUR;187671569.904
2023;BV1;30/04/2023;AllCustomers;VGBU;USD;26479051.04
2023;BV1;30/04/2023;AllCustomers;WFBU;XPF;2405420399.536
2023;BV1;30/04/2023;AllCustomers;ZABU;ZAR;477630897.114
2023;BV1;31/05/2023;AllCustomers;ADBU;EUR;61002796.3817996
2023;BV1;31/05/2023;AllCustomers;AEBU;AED;215674269.036001
2023;BV1;31/05/2023;AllCustomers;ATBU;EUR;26753218.2372
2023;BV1;31/05/2023;AllCustomers;AUBU;AUD;36372920.3530001
2023;BV1;31/05/2023;AllCustomers;BEBU;EUR;39352002.69
2023;BV1;31/05/2023;AllCustomers;BHBU;BHD;15474935.6467999
2023;BV1;31/05/2023;AllCustomers;BMBU;BMD;19840959.2
2023;BV1;31/05/2023;AllCustomers;CABU;CAD;65776651.5
2023;BV1;31/05/2023;AllCustomers;CHBU;CHF;41330778.372
2023;BV1;31/05/2023;AllCustomers;CYBU;EUR;22283945.2472
2023;BV1;31/05/2023;AllCustomers;CZBU;CZK;715839205.913999
2023;BV1;31/05/2023;AllCustomers;DEBU;EUR;17793206.34
2023;BV1;31/05/2023;AllCustomers;DKBU;DKK;438617487.633001
2023;BV1;31/05/2023;AllCustomers;EEBU;EUR;23089130.9558
2023;BV1;31/05/2023;AllCustomers;ESBU;EUR;34520662.3762
2023;BV1;31/05/2023;AllCustomers;FIBU;EUR;28780210.8594
2023;BV1;31/05/2023;AllCustomers;FKBU;FKP;14129915.8808
2023;BV1;31/05/2023;AllCustomers;FOBU;DKK;130818940.1057
2023;BV1;31/05/2023;AllCustomers;FRBU;EUR;17124334.136
2023;BV1;31/05/2023;AllCustomers;GBBU;GBP;13335039.76
2023;BV1;31/05/2023;AllCustomers;GGBU;GBP;12817051.1855999
2023;BV1;31/05/2023;AllCustomers;GIBU;GIP;35317455.481
2023;BV1;31/05/2023;AllCustomers;GRBU;EUR;24181671.0499
2023;BV1;31/05/2023;AllCustomers;HKBU;HKD;245146671.9
2023;BV1;31/05/2023;AllCustomers;HUBU;HUF;6106780334.4975
2023;BV1;31/05/2023;AllCustomers;IEBU;EUR;18163551.315
2023;BV1;31/05/2023;AllCustomers;ILBU;ILS;69469258.3199998
2023;BV1;31/05/2023;AllCustomers;IMBU;GBP;15681851.6064001
2023;BV1;31/05/2023;AllCustomers;IOBU;USD;25918075.56
2023;BV1;31/05/2023;AllCustomers;ISBU;ISK;2612295818.3352
2023;BV1;31/05/2023;AllCustomers;ITBU;EUR;41442197.0144001
2023;BV1;31/05/2023;AllCustomers;JEBU;GBP;21986799.9468
2023;BV1;31/05/2023;AllCustomers;JPBU;JPY;3620515793.1
2023;BV1;31/05/2023;AllCustomers;KRBU;KRW;97696205030.4481
2023;BV1;31/05/2023;AllCustomers;KWBU;KWD;12986148.2640001
2023;BV1;31/05/2023;AllCustomers;KYBU;KYD;22193202.0744
2023;BV1;31/05/2023;AllCustomers;LIBU;CHF;124667710.244
2023;BV1;31/05/2023;AllCustomers;LTBU;EUR;18758547.8262
2023;BV1;31/05/2023;AllCustomers;LUBU;EUR;34738050.3470002
2023;BV1;31/05/2023;AllCustomers;LVBU;EUR;21825793.6988
2023;BV1;31/05/2023;AllCustomers;MCBU;EUR;174884718.918
2023;BV1;31/05/2023;AllCustomers;MSBU;XCD;67707704.1419999
2023;BV1;31/05/2023;AllCustomers;MTBU;EUR;42686187.0526
2023;BV1;31/05/2023;AllCustomers;MYBU;MYR;69083657.1180001
2023;BV1;31/05/2023;AllCustomers;NLBU;EUR;17881873.3093
2023;BV1;31/05/2023;AllCustomers;NOBU;NOK;358654453.8624
2023;BV1;31/05/2023;AllCustomers;NZBU;NZD;52575638.9759999
2023;BV1;31/05/2023;AllCustomers;OMBU;OMR;18949601.8008
2023;BV1;31/05/2023;AllCustomers;PLBU;PLN;107484292.3
2023;BV1;31/05/2023;AllCustomers;PNBU;NZD;40643892.1286999
2023;BV1;31/05/2023;AllCustomers;PTBU;EUR;23599444.2138
2023;BV1;31/05/2023;AllCustomers;QABU;QAR;190938070.6975
2023;BV1;31/05/2023;AllCustomers;SABU;SAR;237944442.1875
2023;BV1;31/05/2023;AllCustomers;SEBU;SEK;514145074.714201
2023;BV1;31/05/2023;AllCustomers;SGBU;SGD;76607075.2017999
2023;BV1;31/05/2023;AllCustomers;SHBU;SHP;14770607.8808
2023;BV1;31/05/2023;AllCustomers;SIBU;EUR;19094259.002
2023;BV1;31/05/2023;AllCustomers;SKBU;EUR;16843140.0592
2023;BV1;31/05/2023;AllCustomers;SMBU;EUR;184490923.889999
2023;BV1;31/05/2023;AllCustomers;TWBU;TWD;615630230.644
2023;BV1;31/05/2023;AllCustomers;USBU;USD;17134165.3
2023;BV1;31/05/2023;AllCustomers;VABU;EUR;130634131.992
2023;BV1;31/05/2023;AllCustomers;VGBU;USD;21386925.84
2023;BV1;31/05/2023;AllCustomers;WFBU;XPF;2159411495.038
2023;BV1;31/05/2023;AllCustomers;ZABU;ZAR;381334345.2765
2023;BV1;30/06/2023;AllCustomers;ADBU;EUR;48265948.7855997
2023;BV1;30/06/2023;AllCustomers;AEBU;AED;189418271.066401
2023;BV1;30/06/2023;AllCustomers;ATBU;EUR;24446906.3202
2023;BV1;30/06/2023;AllCustomers;AUBU;AUD;31743639.5808001
2023;BV1;30/06/2023;AllCustomers;BEBU;EUR;32114852.77
2023;BV1;30/06/2023;AllCustomers;BHBU;BHD;14908779.4645999
2023;BV1;30/06/2023;AllCustomers;BMBU;BMD;19096923.23
2023;BV1;30/06/2023;AllCustomers;CABU;CAD;76426204.6
2023;BV1;30/06/2023;AllCustomers;CHBU;CHF;54189242.7544
2023;BV1;30/06/2023;AllCustomers;CYBU;EUR;17281426.9264
2023;BV1;30/06/2023;AllCustomers;CZBU;CZK;738564260.069999
2023;BV1;30/06/2023;AllCustomers;DEBU;EUR;27703346.58
2023;BV1;30/06/2023;AllCustomers;DKBU;DKK;259796511.905701
2023;BV1;30/06/2023;AllCustomers;EEBU;EUR;24502751.2184
2023;BV1;30/06/2023;AllCustomers;ESBU;EUR;41693787.0258
2023;BV1;30/06/2023;AllCustomers;FIBU;EUR;16985042.4744
2023;BV1;30/06/2023;AllCustomers;FKBU;FKP;13200316.1518
2023;BV1;30/06/2023;AllCustomers;FOBU;DKK;198776831.0697
2023;BV1;30/06/2023;AllCustomers;FRBU;EUR;26362461.762
2023;BV1;30/06/2023;AllCustomers;GBBU;GBP;21717064.752
2023;BV1;30/06/2023;AllCustomers;GGBU;GBP;22963883.3741999
2023;BV1;30/06/2023;AllCustomers;GIBU;GIP;46588983.826
2023;BV1;30/06/2023;AllCustomers;GRBU;EUR;23729677.1985
2023;BV1;30/06/2023;AllCustomers;HKBU;HKD;196117337.52
2023;BV1;30/06/2023;AllCustomers;HUBU;HUF;9038034895.0563
2023;BV1;30/06/2023;AllCustomers;IEBU;EUR;22355140.08
2023;BV1;30/06/2023;AllCustomers;ILBU;ILS;81626378.5259997
2023;BV1;30/06/2023;AllCustomers;IMBU;GBP;20162380.6368001
2023;BV1;30/06/2023;AllCustomers;IOBU;USD;31762347.5
2023;BV1;30/06/2023;AllCustomers;ISBU;ISK;3210291246.6288
2023;BV1;30/06/2023;AllCustomers;ITBU;EUR;55856874.2368001
2023;BV1;30/06/2023;AllCustomers;JEBU;GBP;18900933.2876
2023;BV1;30/06/2023;AllCustomers;JPBU;JPY;1992686986.9
2023;BV1;30/06/2023;AllCustomers;KRBU;KRW;75341988625.1761
2023;BV1;30/06/2023;AllCustomers;KWBU;KWD;19479222.3960001
2023;BV1;30/06/2023;AllCustomers;KYBU;KYD;20138275.9564
2023;BV1;30/06/2023;AllCustomers;LIBU;CHF;129524893.76
2023;BV1;30/06/2023;AllCustomers;LTBU;EUR;29179963.2852
2023;BV1;30/06/2023;AllCustomers;LUBU;EUR;52332647.2760003
2023;BV1;30/06/2023;AllCustomers;LVBU;EUR;18485110.9898
2023;BV1;30/06/2023;AllCustomers;MCBU;EUR;246632295.91
2023;BV1;30/06/2023;AllCustomers;MSBU;XCD;65052500.0579999
2023;BV1;30/06/2023;AllCustomers;MTBU;EUR;43594403.7984
2023;BV1;30/06/2023;AllCustomers;MYBU;MYR;91782573.0282001
2023;BV1;30/06/2023;AllCustomers;NLBU;EUR;20371754.403
2023;BV1;30/06/2023;AllCustomers;NOBU;NOK;363028288.6656
2023;BV1;30/06/2023;AllCustomers;NZBU;NZD;62798679.8879998
2023;BV1;30/06/2023;AllCustomers;OMBU;OMR;23926264.9
2023;BV1;30/06/2023;AllCustomers;PLBU;PLN;79444911.7000002
2023;BV1;30/06/2023;AllCustomers;PNBU;NZD;48101487.0146999
2023;BV1;30/06/2023;AllCustomers;PTBU;EUR;16321110.9516
2023;BV1;30/06/2023;AllCustomers;QABU;QAR;162580931.485
2023;BV1;30/06/2023;AllCustomers;SABU;SAR;239847997.725
2023;BV1;30/06/2023;AllCustomers;SEBU;SEK;459545597.753401
2023;BV1;30/06/2023;AllCustomers;SGBU;SGD;84742339.8249999
2023;BV1;30/06/2023;AllCustomers;SHBU;SHP;17292418.9824
2023;BV1;30/06/2023;AllCustomers;SIBU;EUR;16398598.9076
2023;BV1;30/06/2023;AllCustomers;SKBU;EUR;28451250.1
2023;BV1;30/06/2023;AllCustomers;SMBU;EUR;242618201.279999
2023;BV1;30/06/2023;AllCustomers;TWBU;TWD;762541990.2295
2023;BV1;30/06/2023;AllCustomers;USBU;USD;26925116.9
2023;BV1;30/06/2023;AllCustomers;VABU;EUR;237349338.408
2023;BV1;30/06/2023;AllCustomers;VGBU;USD;22150744.62
2023;BV1;30/06/2023;AllCustomers;WFBU;XPF;2815435240.366
2023;BV1;30/06/2023;AllCustomers;ZABU;ZAR;500742069.555
2023;BV1;31/07/2023;AllCustomers;ADBU;EUR;70387841.9789996
2023;BV1;31/07/2023;AllCustomers;AEBU;AED;144407988.832801
2023;BV1;31/07/2023;AllCustomers;ATBU;EUR;28367636.5791
2023;BV1;31/07/2023;AllCustomers;AUBU;AUD;29428999.1947001
2023;BV1;31/07/2023;AllCustomers;BEBU;EUR;35281105.86
2023;BV1;31/07/2023;AllCustomers;BHBU;BHD;14342623.2823999
2023;BV1;31/07/2023;AllCustomers;BMBU;BMD;17360839.3
2023;BV1;31/07/2023;AllCustomers;CABU;CAD;57632875.6
2023;BV1;31/07/2023;AllCustomers;CHBU;CHF;56026166.2376
2023;BV1;31/07/2023;AllCustomers;CYBU;EUR;25694753.1932
2023;BV1;31/07/2023;AllCustomers;CZBU;CZK;659026570.523999
2023;BV1;31/07/2023;AllCustomers;DEBU;EUR;25901502.9
2023;BV1;31/07/2023;AllCustomers;DKBU;DKK;269918453.928001
2023;BV1;31/07/2023;AllCustomers;EEBU;EUR;17199046.5283
2023;BV1;31/07/2023;AllCustomers;ESBU;EUR;41693787.0258
2023;BV1;31/07/2023;AllCustomers;FIBU;EUR;25949370.447
2023;BV1;31/07/2023;AllCustomers;FKBU;FKP;17662394.851
2023;BV1;31/07/2023;AllCustomers;FOBU;DKK;185185252.8769
2023;BV1;31/07/2023;AllCustomers;FRBU;EUR;25911821.39
2023;BV1;31/07/2023;AllCustomers;GBBU;GBP;14478043.168
2023;BV1;31/07/2023;AllCustomers;GGBU;GBP;14597197.1835999
2023;BV1;31/07/2023;AllCustomers;GIBU;GIP;40577502.042
2023;BV1;31/07/2023;AllCustomers;GRBU;EUR;24407667.9756
2023;BV1;31/07/2023;AllCustomers;HKBU;HKD;176505603.768
2023;BV1;31/07/2023;AllCustomers;HUBU;HUF;8956611157.263
2023;BV1;31/07/2023;AllCustomers;IEBU;EUR;21423675.91
2023;BV1;31/07/2023;AllCustomers;ILBU;ILS;79889647.0679997
2023;BV1;31/07/2023;AllCustomers;IMBU;GBP;22402645.1520001
2023;BV1;31/07/2023;AllCustomers;IOBU;USD;21852495.08
2023;BV1;31/07/2023;AllCustomers;ISBU;ISK;3745339787.7336
2023;BV1;31/07/2023;AllCustomers;ITBU;EUR;56757791.5632001
2023;BV1;31/07/2023;AllCustomers;JEBU;GBP;22758266.6116
2023;BV1;31/07/2023;AllCustomers;JPBU;JPY;2497875237.1
2023;BV1;31/07/2023;AllCustomers;KRBU;KRW;74514054684.2401
2023;BV1;31/07/2023;AllCustomers;KWBU;KWD;19177218.9480001
2023;BV1;31/07/2023;AllCustomers;KYBU;KYD;14795468.0496
2023;BV1;31/07/2023;AllCustomers;LIBU;CHF;148953627.824
2023;BV1;31/07/2023;AllCustomers;LTBU;EUR;18758547.8262
2023;BV1;31/07/2023;AllCustomers;LUBU;EUR;40602915.9900003
2023;BV1;31/07/2023;AllCustomers;LVBU;EUR;24721052.0466
2023;BV1;31/07/2023;AllCustomers;MCBU;EUR;195063724.947
2023;BV1;31/07/2023;AllCustomers;MSBU;XCD;53767882.7009999
2023;BV1;31/07/2023;AllCustomers;MTBU;EUR;38599211.6965
2023;BV1;31/07/2023;AllCustomers;MYBU;MYR;114481488.9384
2023;BV1;31/07/2023;AllCustomers;NLBU;EUR;26709633.5506
2023;BV1;31/07/2023;AllCustomers;NOBU;NOK;419888141.1072
2023;BV1;31/07/2023;AllCustomers;NZBU;NZD;79593675.6719998
2023;BV1;31/07/2023;AllCustomers;OMBU;OMR;20289472.6352
2023;BV1;31/07/2023;AllCustomers;PLBU;PLN;90660663.9400002
2023;BV1;31/07/2023;AllCustomers;PNBU;NZD;29457499.7996999
2023;BV1;31/07/2023;AllCustomers;PTBU;EUR;28231110.8352
2023;BV1;31/07/2023;AllCustomers;QABU;QAR;172033311.2225
2023;BV1;31/07/2023;AllCustomers;SABU;SAR;186548442.675
2023;BV1;31/07/2023;AllCustomers;SEBU;SEK;495945249.060601
2023;BV1;31/07/2023;AllCustomers;SGBU;SGD;56946852.3623999
2023;BV1;31/07/2023;AllCustomers;SHBU;SHP;16031513.4316
2023;BV1;31/07/2023;AllCustomers;SIBU;EUR;16623237.2488
2023;BV1;31/07/2023;AllCustomers;SKBU;EUR;19346850.068
2023;BV1;31/07/2023;AllCustomers;SMBU;EUR;217345471.979999
2023;BV1;31/07/2023;AllCustomers;TWBU;TWD;636617624.8705
2023;BV1;31/07/2023;AllCustomers;USBU;USD;20316224.57
2023;BV1;31/07/2023;AllCustomers;VABU;EUR;158232892.272
2023;BV1;31/07/2023;AllCustomers;VGBU;USD;25206019.74
2023;BV1;31/07/2023;AllCustomers;WFBU;XPF;3498793308.416
2023;BV1;31/07/2023;AllCustomers;ZABU;ZAR;423704828.085
2023;BV1;31/08/2023;AllCustomers;ADBU;EUR;79102527.1763995
2023;BV1;31/08/2023;AllCustomers;AEBU;AED;151909702.538401
2023;BV1;31/08/2023;AllCustomers;ATBU;EUR;27906374.1957
2023;BV1;31/08/2023;AllCustomers;AUBU;AUD;34719605.7915001
2023;BV1;31/08/2023;AllCustomers;BEBU;EUR;39804324.56
2023;BV1;31/08/2023;AllCustomers;BHBU;BHD;16984685.4659999
2023;BV1;31/08/2023;AllCustomers;BMBU;BMD;23809151.04
2023;BV1;31/08/2023;AllCustomers;CABU;CAD;71414650.2
2023;BV1;31/08/2023;AllCustomers;CHBU;CHF;52811550.142
2023;BV1;31/08/2023;AllCustomers;CYBU;EUR;21601783.658
2023;BV1;31/08/2023;AllCustomers;CZBU;CZK;693114151.757999
2023;BV1;31/08/2023;AllCustomers;DEBU;EUR;19595050.02
2023;BV1;31/08/2023;AllCustomers;DKBU;DKK;367763893.476901
2023;BV1;31/08/2023;AllCustomers;EEBU;EUR;23795941.0871
2023;BV1;31/08/2023;AllCustomers;ESBU;EUR;38555544.9916
2023;BV1;31/08/2023;AllCustomers;FIBU;EUR;27128887.2855
2023;BV1;31/08/2023;AllCustomers;FKBU;FKP;14315835.8266
2023;BV1;31/08/2023;AllCustomers;FOBU;DKK;198776831.0697
2023;BV1;31/08/2023;AllCustomers;FRBU;EUR;23433299.344
2023;BV1;31/08/2023;AllCustomers;GBBU;GBP;24003071.568
2023;BV1;31/08/2023;AllCustomers;GGBU;GBP;22251824.9749999
2023;BV1;31/08/2023;AllCustomers;GIBU;GIP;34190302.6465
2023;BV1;31/08/2023;AllCustomers;GRBU;EUR;23955674.1242
2023;BV1;31/08/2023;AllCustomers;HKBU;HKD;227496111.5232
2023;BV1;31/08/2023;AllCustomers;HUBU;HUF;7083865188.0171
2023;BV1;31/08/2023;AllCustomers;IEBU;EUR;16766355.06
2023;BV1;31/08/2023;AllCustomers;ILBU;ILS;110282447.583
2023;BV1;31/08/2023;AllCustomers;IMBU;GBP;20349069.3464001
2023;BV1;31/08/2023;AllCustomers;IOBU;USD;25155779.22
2023;BV1;31/08/2023;AllCustomers;ISBU;ISK;3713866344.1392
2023;BV1;31/08/2023;AllCustomers;ITBU;EUR;34685317.0664001
2023;BV1;31/08/2023;AllCustomers;JEBU;GBP;19286666.62
2023;BV1;31/08/2023;AllCustomers;JPBU;JPY;3508251737.5
2023;BV1;31/08/2023;AllCustomers;KRBU;KRW;58783309806.4561
2023;BV1;31/08/2023;AllCustomers;KWBU;KWD;18271208.6040001
2023;BV1;31/08/2023;AllCustomers;KYBU;KYD;19521798.121
2023;BV1;31/08/2023;AllCustomers;LIBU;CHF;178096728.92
2023;BV1;31/08/2023;AllCustomers;LTBU;EUR;27790441.224
2023;BV1;31/08/2023;AllCustomers;LUBU;EUR;46016638.1220003
2023;BV1;31/08/2023;AllCustomers;LVBU;EUR;23607491.1436
2023;BV1;31/08/2023;AllCustomers;MCBU;EUR;186095277.823
2023;BV1;31/08/2023;AllCustomers;MSBU;XCD;47129872.4909999
2023;BV1;31/08/2023;AllCustomers;MTBU;EUR;46773162.4087
2023;BV1;31/08/2023;AllCustomers;MYBU;MYR;113494579.551
2023;BV1;31/08/2023;AllCustomers;NLBU;EUR;21503518.5365
2023;BV1;31/08/2023;AllCustomers;NOBU;NOK;494243332.7616
2023;BV1;31/08/2023;AllCustomers;NZBU;NZD;64989331.5119998
2023;BV1;31/08/2023;AllCustomers;OMBU;OMR;19523832.1584
2023;BV1;31/08/2023;AllCustomers;PLBU;PLN;94399248.0200002
2023;BV1;31/08/2023;AllCustomers;PNBU;NZD;35796455.4527999
2023;BV1;31/08/2023;AllCustomers;PTBU;EUR;25584444.1944
2023;BV1;31/08/2023;AllCustomers;QABU;QAR;224966637.7525
2023;BV1;31/08/2023;AllCustomers;SABU;SAR;150380887.4625
2023;BV1;31/08/2023;AllCustomers;SEBU;SEK;436795815.686401
2023;BV1;31/08/2023;AllCustomers;SGBU;SGD;85420278.5435999
2023;BV1;31/08/2023;AllCustomers;SHBU;SHP;18012936.44
2023;BV1;31/08/2023;AllCustomers;SIBU;EUR;17297152.2724
2023;BV1;31/08/2023;AllCustomers;SKBU;EUR;18208800.064
2023;BV1;31/08/2023;AllCustomers;SMBU;EUR;176909105.099999
2023;BV1;31/08/2023;AllCustomers;TWBU;TWD;727562999.852
2023;BV1;31/08/2023;AllCustomers;USBU;USD;24722152.79
2023;BV1;31/08/2023;AllCustomers;VABU;EUR;167432479.032
2023;BV1;31/08/2023;AllCustomers;VGBU;USD;22405350.88
2023;BV1;31/08/2023;AllCustomers;WFBU;XPF;2760766594.922
2023;BV1;31/08/2023;AllCustomers;ZABU;ZAR;304297103.8065
2023;BV1;30/09/2023;AllCustomers;ADBU;EUR;50277029.9849997
2023;BV1;30/09/2023;AllCustomers;AEBU;AED;170663986.802401
2023;BV1;30/09/2023;AllCustomers;ATBU;EUR;27675743.004
2023;BV1;30/09/2023;AllCustomers;AUBU;AUD;31082313.7562001
2023;BV1;30/09/2023;AllCustomers;BEBU;EUR;49303083.83
2023;BV1;30/09/2023;AllCustomers;BHBU;BHD;23778559.6523999
2023;BV1;30/09/2023;AllCustomers;BMBU;BMD;31001498.75
2023;BV1;30/09/2023;AllCustomers;CABU;CAD;59512208.5
2023;BV1;30/09/2023;AllCustomers;CHBU;CHF;49596934.0464
2023;BV1;30/09/2023;AllCustomers;CYBU;EUR;20237460.4796
2023;BV1;30/09/2023;AllCustomers;CZBU;CZK;641982779.906999
2023;BV1;30/09/2023;AllCustomers;DEBU;EUR;16892284.5
2023;BV1;30/09/2023;AllCustomers;DKBU;DKK;357641951.454601
2023;BV1;30/09/2023;AllCustomers;EEBU;EUR;17199046.5283
2023;BV1;30/09/2023;AllCustomers;ESBU;EUR;43487068.1882
2023;BV1;30/09/2023;AllCustomers;FIBU;EUR;25949370.447
2023;BV1;30/09/2023;AllCustomers;FKBU;FKP;24169592.954
2023;BV1;30/09/2023;AllCustomers;FOBU;DKK;164797885.5877
2023;BV1;30/09/2023;AllCustomers;FRBU;EUR;26587781.948
2023;BV1;30/09/2023;AllCustomers;GBBU;GBP;18478555.096
2023;BV1;30/09/2023;AllCustomers;GGBU;GBP;16021313.9819999
2023;BV1;30/09/2023;AllCustomers;GIBU;GIP;38323196.373
2023;BV1;30/09/2023;AllCustomers;GRBU;EUR;27345628.0097
2023;BV1;30/09/2023;AllCustomers;HKBU;HKD;152971523.2656
2023;BV1;30/09/2023;AllCustomers;HUBU;HUF;9608001059.6094
2023;BV1;30/09/2023;AllCustomers;IEBU;EUR;23053738.2075
2023;BV1;30/09/2023;AllCustomers;ILBU;ILS;111150813.312
2023;BV1;30/09/2023;AllCustomers;IMBU;GBP;22402645.1520001
2023;BV1;30/09/2023;AllCustomers;IOBU;USD;25918075.56
2023;BV1;30/09/2023;AllCustomers;ISBU;ISK;2706716149.1184
2023;BV1;30/09/2023;AllCustomers;ITBU;EUR;35586234.3928001
2023;BV1;30/09/2023;AllCustomers;JEBU;GBP;16200799.9608
2023;BV1;30/09/2023;AllCustomers;JPBU;JPY;2806601390.0
2023;BV1;30/09/2023;AllCustomers;KRBU;KRW;91072733502.9601
2023;BV1;30/09/2023;AllCustomers;KWBU;KWD;19479222.3960001
2023;BV1;30/09/2023;AllCustomers;KYBU;KYD;25686576.475
2023;BV1;30/09/2023;AllCustomers;LIBU;CHF;192668279.468
2023;BV1;30/09/2023;AllCustomers;LTBU;EUR;22000765.969
2023;BV1;30/09/2023;AllCustomers;LUBU;EUR;37896054.9240002
2023;BV1;30/09/2023;AllCustomers;LVBU;EUR;18485110.9898
2023;BV1;30/09/2023;AllCustomers;MCBU;EUR;226453289.881
2023;BV1;30/09/2023;AllCustomers;MSBU;XCD;71690510.2679999
2023;BV1;30/09/2023;AllCustomers;MTBU;EUR;39961536.8152
2023;BV1;30/09/2023;AllCustomers;MYBU;MYR;81913479.1542001
2023;BV1;30/09/2023;AllCustomers;NLBU;EUR;26709633.5506
2023;BV1;30/09/2023;AllCustomers;NOBU;NOK;520486341.5808
2023;BV1;30/09/2023;AllCustomers;NZBU;NZD;87626064.9599998
2023;BV1;30/09/2023;AllCustomers;OMBU;OMR;16461270.2512
2023;BV1;30/09/2023;AllCustomers;PLBU;PLN;68229159.4600001
2023;BV1;30/09/2023;AllCustomers;PNBU;NZD;37660854.1742999
2023;BV1;30/09/2023;AllCustomers;PTBU;EUR;20291110.9128
2023;BV1;30/09/2023;AllCustomers;QABU;QAR;241980921.28
2023;BV1;30/09/2023;AllCustomers;SABU;SAR;247462219.875
2023;BV1;30/09/2023;AllCustomers;SEBU;SEK;464095554.166801
2023;BV1;30/09/2023;AllCustomers;SGBU;SGD;54913036.2065999
2023;BV1;30/09/2023;AllCustomers;SHBU;SHP;18193065.8044
2023;BV1;30/09/2023;AllCustomers;SIBU;EUR;22239195.7788
2023;BV1;30/09/2023;AllCustomers;SKBU;EUR;22761000.08
2023;BV1;30/09/2023;AllCustomers;SMBU;EUR;181963650.959999
2023;BV1;30/09/2023;AllCustomers;TWBU;TWD;818508374.8335
2023;BV1;30/09/2023;AllCustomers;USBU;USD;23008736.26
2023;BV1;30/09/2023;AllCustomers;VABU;EUR;204230826.072
2023;BV1;30/09/2023;AllCustomers;VGBU;USD;21896138.36
2023;BV1;30/09/2023;AllCustomers;WFBU;XPF;2815435240.366
2023;BV1;30/09/2023;AllCustomers;ZABU;ZAR;296593379.6595
2023;BV1;31/10/2023;AllCustomers;ADBU;EUR;48265948.7855997
2023;BV1;31/10/2023;AllCustomers;AEBU;AED;208172555.330401
2023;BV1;31/10/2023;AllCustomers;ATBU;EUR;28137005.3874
2023;BV1;31/10/2023;AllCustomers;AUBU;AUD;29759662.1070001
2023;BV1;31/10/2023;AllCustomers;BEBU;EUR;38899680.82
2023;BV1;31/10/2023;AllCustomers;BHBU;BHD;21325216.1961999
2023;BV1;31/10/2023;AllCustomers;BMBU;BMD;24305175.02
2023;BV1;31/10/2023;AllCustomers;CABU;CAD;70788205.9
2023;BV1;31/10/2023;AllCustomers;CHBU;CHF;32605391.8268
2023;BV1;31/10/2023;AllCustomers;CYBU;EUR;28196012.3536
2023;BV1;31/10/2023;AllCustomers;CZBU;CZK;710157942.374999
2023;BV1;31/10/2023;AllCustomers;DEBU;EUR;26351963.82
2023;BV1;31/10/2023;AllCustomers;DKBU;DKK;242926608.535201
2023;BV1;31/10/2023;AllCustomers;EEBU;EUR;30392835.6459
2023;BV1;31/10/2023;AllCustomers;ESBU;EUR;53350114.5814
2023;BV1;31/10/2023;AllCustomers;FIBU;EUR;22646723.2992
2023;BV1;31/10/2023;AllCustomers;FKBU;FKP;23797753.0624
2023;BV1;31/10/2023;AllCustomers;FOBU;DKK;210669461.9884
2023;BV1;31/10/2023;AllCustomers;FRBU;EUR;29066303.994
2023;BV1;31/10/2023;AllCustomers;GBBU;GBP;22098065.888
2023;BV1;31/10/2023;AllCustomers;GGBU;GBP;13351094.9849999
2023;BV1;31/10/2023;AllCustomers;GIBU;GIP;42456090.0995
2023;BV1;31/10/2023;AllCustomers;GRBU;EUR;23277683.3471
2023;BV1;31/10/2023;AllCustomers;HKBU;HKD;227496111.5232
2023;BV1;31/10/2023;AllCustomers;HUBU;HUF;6758170236.8439
2023;BV1;31/10/2023;AllCustomers;IEBU;EUR;20026479.655
2023;BV1;31/10/2023;AllCustomers;ILBU;ILS;106808984.667
2023;BV1;31/10/2023;AllCustomers;IMBU;GBP;20349069.3464001
2023;BV1;31/10/2023;AllCustomers;IOBU;USD;21598396.3
2023;BV1;31/10/2023;AllCustomers;ISBU;ISK;3997127336.4888
2023;BV1;31/10/2023;AllCustomers;ITBU;EUR;43244031.6672001
2023;BV1;31/10/2023;AllCustomers;JEBU;GBP;16007933.2946
2023;BV1;31/10/2023;AllCustomers;JPBU;JPY;3536317751.4
2023;BV1;31/10/2023;AllCustomers;KRBU;KRW;71202318920.4961
2023;BV1;31/10/2023;AllCustomers;KWBU;KWD;19177218.9480001
2023;BV1;31/10/2023;AllCustomers;KYBU;KYD;17877857.2266
2023;BV1;31/10/2023;AllCustomers;LIBU;CHF;126286771.416
2023;BV1;31/10/2023;AllCustomers;LTBU;EUR;17369025.765
2023;BV1;31/10/2023;AllCustomers;LUBU;EUR;49174642.6990003
2023;BV1;31/10/2023;AllCustomers;LVBU;EUR;26280037.3108
2023;BV1;31/10/2023;AllCustomers;MCBU;EUR;271295525.501
2023;BV1;31/10/2023;AllCustomers;MSBU;XCD;53104081.6799999
2023;BV1;31/10/2023;AllCustomers;MTBU;EUR;58579980.1041
2023;BV1;31/10/2023;AllCustomers;MYBU;MYR;121389854.6502
2023;BV1;31/10/2023;AllCustomers;NLBU;EUR;18108226.136
2023;BV1;31/10/2023;AllCustomers;NOBU;NOK;349906784.256
2023;BV1;31/10/2023;AllCustomers;NZBU;NZD;89086499.3759998
2023;BV1;31/10/2023;AllCustomers;OMBU;OMR;18375371.4432
2023;BV1;31/10/2023;AllCustomers;PLBU;PLN;81314203.7400002
2023;BV1;31/10/2023;AllCustomers;PNBU;NZD;31694778.2654999
2023;BV1;31/10/2023;AllCustomers;PTBU;EUR;20732222.0196
2023;BV1;31/10/2023;AllCustomers;QABU;QAR;241980921.28
2023;BV1;31/10/2023;AllCustomers;SABU;SAR;182741331.6
2023;BV1;31/10/2023;AllCustomers;SEBU;SEK;327596861.764801
2023;BV1;31/10/2023;AllCustomers;SGBU;SGD;61014484.6739999
2023;BV1;31/10/2023;AllCustomers;SHBU;SHP;21435394.3636
2023;BV1;31/10/2023;AllCustomers;SIBU;EUR;27405877.6264
2023;BV1;31/10/2023;AllCustomers;SKBU;EUR;28906470.1016
2023;BV1;31/10/2023;AllCustomers;SMBU;EUR;179436378.029999
2023;BV1;31/10/2023;AllCustomers;TWBU;TWD;846491567.1355
2023;BV1;31/10/2023;AllCustomers;USBU;USD;29372854.8
2023;BV1;31/10/2023;AllCustomers;VABU;EUR;167432479.032
2023;BV1;31/10/2023;AllCustomers;VGBU;USD;21641532.1
2023;BV1;31/10/2023;AllCustomers;WFBU;XPF;2897438208.532
2023;BV1;31/10/2023;AllCustomers;ZABU;ZAR;466075310.8935
2023;BV1;30/11/2023;AllCustomers;ADBU;EUR;54299192.3837997
2023;BV1;30/11/2023;AllCustomers;AEBU;AED;225051411.168001
2023;BV1;30/11/2023;AllCustomers;ATBU;EUR;27214480.6206
2023;BV1;30/11/2023;AllCustomers;AUBU;AUD;30090325.0193001
2023;BV1;30/11/2023;AllCustomers;BEBU;EUR;47493796.35
2023;BV1;30/11/2023;AllCustomers;BHBU;BHD;16041091.8289999
2023;BV1;30/11/2023;AllCustomers;BMBU;BMD;23561139.05
2023;BV1;30/11/2023;AllCustomers;CABU;CAD;73920427.4
2023;BV1;30/11/2023;AllCustomers;CHBU;CHF;56026166.2376
2023;BV1;30/11/2023;AllCustomers;CYBU;EUR;28196012.3536
2023;BV1;30/11/2023;AllCustomers;CZBU;CZK;551082563.282999
2023;BV1;30/11/2023;AllCustomers;DEBU;EUR;16441823.58
2023;BV1;30/11/2023;AllCustomers;DKBU;DKK;354267970.780501
2023;BV1;30/11/2023;AllCustomers;EEBU;EUR;29450422.1375
2023;BV1;30/11/2023;AllCustomers;ESBU;EUR;54695075.4532
2023;BV1;30/11/2023;AllCustomers;FIBU;EUR;26421177.1824
2023;BV1;30/11/2023;AllCustomers;FKBU;FKP;23611833.1166
2023;BV1;30/11/2023;AllCustomers;FOBU;DKK;169894727.41
2023;BV1;30/11/2023;AllCustomers;FRBU;EUR;19828176.368
2023;BV1;30/11/2023;AllCustomers;GBBU;GBP;23431569.864
2023;BV1;30/11/2023;AllCustomers;GGBU;GBP;15487270.1825999
2023;BV1;30/11/2023;AllCustomers;GIBU;GIP;42080372.488
2023;BV1;30/11/2023;AllCustomers;GRBU;EUR;18305750.9817
2023;BV1;30/11/2023;AllCustomers;HKBU;HKD;203962031.0208
2023;BV1;30/11/2023;AllCustomers;HUBU;HUF;9200882370.6429
2023;BV1;30/11/2023;AllCustomers;IEBU;EUR;29108255.3125
2023;BV1;30/11/2023;AllCustomers;ILBU;ILS;98125327.3769996
2023;BV1;30/11/2023;AllCustomers;IMBU;GBP;22962711.2808001
2023;BV1;30/11/2023;AllCustomers;IOBU;USD;19819704.84
2023;BV1;30/11/2023;AllCustomers;ISBU;ISK;3650919456.9504
2023;BV1;30/11/2023;AllCustomers;ITBU;EUR;36036693.0560001
2023;BV1;30/11/2023;AllCustomers;JEBU;GBP;23336866.6102
2023;BV1;30/11/2023;AllCustomers;JPBU;JPY;2946931459.5
2023;BV1;30/11/2023;AllCustomers;KRBU;KRW;59611243747.3921
2023;BV1;30/11/2023;AllCustomers;KWBU;KWD;16006182.7440001
2023;BV1;30/11/2023;AllCustomers;KYBU;KYD;17466872.003
2023;BV1;30/11/2023;AllCustomers;LIBU;CHF;123048649.072
2023;BV1;30/11/2023;AllCustomers;LTBU;EUR;23853462.0506
2023;BV1;30/11/2023;AllCustomers;LUBU;EUR;46016638.1220003
2023;BV1;30/11/2023;AllCustomers;LVBU;EUR;21380369.3376
2023;BV1;30/11/2023;AllCustomers;MCBU;EUR;204032172.071
2023;BV1;30/11/2023;AllCustomers;MSBU;XCD;51776479.6379999
2023;BV1;30/11/2023;AllCustomers;MTBU;EUR;53584788.0022
2023;BV1;30/11/2023;AllCustomers;MYBU;MYR;126324401.5872
2023;BV1;30/11/2023;AllCustomers;NLBU;EUR;28294103.3375
2023;BV1;30/11/2023;AllCustomers;NOBU;NOK;446131149.9264
2023;BV1;30/11/2023;AllCustomers;NZBU;NZD;78133241.2559998
2023;BV1;30/11/2023;AllCustomers;OMBU;OMR;17035500.6088
2023;BV1;30/11/2023;AllCustomers;PLBU;PLN;89726017.9200002
2023;BV1;30/11/2023;AllCustomers;PNBU;NZD;44745569.3159999
2023;BV1;30/11/2023;AllCustomers;PTBU;EUR;18306110.9322
2023;BV1;30/11/2023;AllCustomers;QABU;QAR;217404733.9625
2023;BV1;30/11/2023;AllCustomers;SABU;SAR;192259109.2875
2023;BV1;30/11/2023;AllCustomers;SEBU;SEK;423145946.446201
2023;BV1;30/11/2023;AllCustomers;SGBU;SGD;47455710.3019999
2023;BV1;30/11/2023;AllCustomers;SHBU;SHP;19273841.9908
2023;BV1;30/11/2023;AllCustomers;SIBU;EUR;22913110.8024
2023;BV1;30/11/2023;AllCustomers;SKBU;EUR;20257290.0712
2023;BV1;30/11/2023;AllCustomers;SMBU;EUR;310854570.389999
2023;BV1;30/11/2023;AllCustomers;TWBU;TWD;559663846.04
2023;BV1;30/11/2023;AllCustomers;USBU;USD;24477379.0
2023;BV1;30/11/2023;AllCustomers;VABU;EUR;206070743.424
2023;BV1;30/11/2023;AllCustomers;VGBU;USD;23169169.66
2023;BV1;30/11/2023;AllCustomers;WFBU;XPF;2706097949.478
2023;BV1;30/11/2023;AllCustomers;ZABU;ZAR;288889655.5125
2023;BV1;31/12/2023;AllCustomers;ADBU;EUR;83795049.9749995
2023;BV1;31/12/2023;AllCustomers;AEBU;AED;200670841.624801
2023;BV1;31/12/2023;AllCustomers;ATBU;EUR;25830693.4704
2023;BV1;31/12/2023;AllCustomers;AUBU;AUD;37695572.0022001
2023;BV1;31/12/2023;AllCustomers;BEBU;EUR;49755405.7
2023;BV1;31/12/2023;AllCustomers;BHBU;BHD;15663654.3741999
2023;BV1;31/12/2023;AllCustomers;BMBU;BMD;24801199.0
2023;BV1;31/12/2023;AllCustomers;CABU;CAD;77679093.2
2023;BV1;31/12/2023;AllCustomers;CHBU;CHF;35360777.0516
2023;BV1;31/12/2023;AllCustomers;CYBU;EUR;25922140.3896
2023;BV1;31/12/2023;AllCustomers;CZBU;CZK;477226137.275999
2023;BV1;31/12/2023;AllCustomers;DEBU;EUR;16441823.58
2023;BV1;31/12/2023;AllCustomers;DKBU;DKK;347520009.432301
2023;BV1;31/12/2023;AllCustomers;EEBU;EUR;28272405.252
2023;BV1;31/12/2023;AllCustomers;ESBU;EUR;34072342.0856
2023;BV1;31/12/2023;AllCustomers;FIBU;EUR;24533950.2408
2023;BV1;31/12/2023;AllCustomers;FKBU;FKP;18591994.58
2023;BV1;31/12/2023;AllCustomers;FOBU;DKK;118926309.187
2023;BV1;31/12/2023;AllCustomers;FRBU;EUR;29066303.994
2023;BV1;31/12/2023;AllCustomers;GBBU;GBP;20764561.912
2023;BV1;31/12/2023;AllCustomers;GGBU;GBP;13529109.5847999
2023;BV1;31/12/2023;AllCustomers;GIBU;GIP;31560279.366
2023;BV1;31/12/2023;AllCustomers;GRBU;EUR;29379600.341
2023;BV1;31/12/2023;AllCustomers;HKBU;HKD;184350297.2688
2023;BV1;31/12/2023;AllCustomers;HUBU;HUF;9363729846.2295
2023;BV1;31/12/2023;AllCustomers;IEBU;EUR;24218068.42
2023;BV1;31/12/2023;AllCustomers;ILBU;ILS;72942721.2359997
2023;BV1;31/12/2023;AllCustomers;IMBU;GBP;17362049.9928001
2023;BV1;31/12/2023;AllCustomers;IOBU;USD;20582001.18
2023;BV1;31/12/2023;AllCustomers;ISBU;ISK;3587972569.7616
2023;BV1;31/12/2023;AllCustomers;ITBU;EUR;49099994.2888001
2023;BV1;31/12/2023;AllCustomers;JEBU;GBP;18515199.9552
2023;BV1;31/12/2023;AllCustomers;JPBU;JPY;2946931459.5
2023;BV1;31/12/2023;AllCustomers;KRBU;KRW;58783309806.4561
2023;BV1;31/12/2023;AllCustomers;KWBU;KWD;16308186.1920001
2023;BV1;31/12/2023;AllCustomers;KYBU;KYD;17261379.3912
2023;BV1;31/12/2023;AllCustomers;LIBU;CHF;168382361.888
2023;BV1;31/12/2023;AllCustomers;LTBU;EUR;22000765.969
2023;BV1;31/12/2023;AllCustomers;LUBU;EUR;58197512.9190004
2023;BV1;31/12/2023;AllCustomers;LVBU;EUR;25834612.9496
2023;BV1;31/12/2023;AllCustomers;MCBU;EUR;156947824.67
2023;BV1;31/12/2023;AllCustomers;MSBU;XCD;48457474.5329999
2023;BV1;31/12/2023;AllCustomers;MTBU;EUR;48135487.5274
2023;BV1;31/12/2023;AllCustomers;MYBU;MYR;100664757.5148
2023;BV1;31/12/2023;AllCustomers;NLBU;EUR;19466343.0962
2023;BV1;31/12/2023;AllCustomers;NOBU;NOK;341159114.6496
2023;BV1;31/12/2023;AllCustomers;NZBU;NZD;83974978.9199998
2023;BV1;31/12/2023;AllCustomers;OMBU;OMR;13398708.344
2023;BV1;31/12/2023;AllCustomers;PLBU;PLN;81314203.7400002
2023;BV1;31/12/2023;AllCustomers;PNBU;NZD;43626930.0830999
2023;BV1;31/12/2023;AllCustomers;PTBU;EUR;26466666.408
2023;BV1;31/12/2023;AllCustomers;QABU;QAR;194719022.5925
2023;BV1;31/12/2023;AllCustomers;SABU;SAR;211294664.6625
2023;BV1;31/12/2023;AllCustomers;SEBU;SEK;527794943.954401
2023;BV1;31/12/2023;AllCustomers;SGBU;SGD;68471810.5785999
2023;BV1;31/12/2023;AllCustomers;SHBU;SHP;13509702.33
2023;BV1;31/12/2023;AllCustomers;SIBU;EUR;22913110.8024
2023;BV1;31/12/2023;AllCustomers;SKBU;EUR;22761000.08
2023;BV1;31/12/2023;AllCustomers;SMBU;EUR;187018196.819999
2023;BV1;31/12/2023;AllCustomers;TWBU;TWD;762541990.2295
2023;BV1;31/12/2023;AllCustomers;USBU;USD;19581903.2
2023;BV1;31/12/2023;AllCustomers;VABU;EUR;200550991.368
2023;BV1;31/12/2023;AllCustomers;VGBU;USD;17822438.2
2023;BV1;31/12/2023;AllCustomers;WFBU;XPF;2815435240.366
2023;BV1;31/12/2023;AllCustomers;ZABU;ZAR;304297103.8065
2024;BV1;31/01/2024;AllCustomers;ADBU;EUR;88960414.92
2024;BV1;31/01/2024;AllCustomers;AEBU;AED;187345141.05
2024;BV1;31/01/2024;AllCustomers;ATBU;EUR;26533064.3
2024;BV1;31/01/2024;AllCustomers;AUBU;AUD;24465754.23
2024;BV1;31/01/2024;AllCustomers;BEBU;EUR;61919166.86
2024;BV1;31/01/2024;AllCustomers;BHBU;BHD;19824373.98
2024;BV1;31/01/2024;AllCustomers;BMBU;BMD;31285146.93
2024;BV1;31/01/2024;AllCustomers;CABU;CAD;64612268.7
2024;BV1;31/01/2024;AllCustomers;CHBU;CHF;60456446.87
2024;BV1;31/01/2024;AllCustomers;CYBU;EUR;23037500.77
2024;BV1;31/01/2024;AllCustomers;CZBU;CZK;751692348.85
2024;BV1;31/01/2024;AllCustomers;DEBU;EUR;19660380.96
2024;BV1;31/01/2024;AllCustomers;DKBU;DKK;384307092.05
2024;BV1;31/01/2024;AllCustomers;EEBU;EUR;18119734.42
2024;BV1;31/01/2024;AllCustomers;ESBU;EUR;44131685.28
2024;BV1;31/01/2024;AllCustomers;FIBU;EUR;18748069.27
2024;BV1;31/01/2024;AllCustomers;FKBU;FKP;23207282.51
2024;BV1;31/01/2024;AllCustomers;FOBU;DKK;220891390.94
2024;BV1;31/01/2024;AllCustomers;FRBU;EUR;20106160.89
2024;BV1;31/01/2024;AllCustomers;GBBU;GBP;19499822.69
2024;BV1;31/01/2024;AllCustomers;GGBU;GBP;16888910.63
2024;BV1;31/01/2024;AllCustomers;GIBU;GIP;50778593.98
2024;BV1;31/01/2024;AllCustomers;GRBU;EUR;30046988.35
2024;BV1;31/01/2024;AllCustomers;HKBU;HKD;242114871.73
2024;BV1;31/01/2024;AllCustomers;HUBU;HUF;10747024017.04
2024;BV1;31/01/2024;AllCustomers;IEBU;EUR;26107606.74
2024;BV1;31/01/2024;AllCustomers;ILBU;ILS;106407548.59
2024;BV1;31/01/2024;AllCustomers;IMBU;GBP;22518284.64
2024;BV1;31/01/2024;AllCustomers;IOBU;USD;26255213.09
2024;BV1;31/01/2024;AllCustomers;ISBU;ISK;3485931250.68
2024;BV1;31/01/2024;AllCustomers;ITBU;EUR;46765293.38
2024;BV1;31/01/2024;AllCustomers;JEBU;GBP;14857423.53
2024;BV1;31/01/2024;AllCustomers;JPBU;JPY;2584601552.78
2024;BV1;31/01/2024;AllCustomers;KRBU;KRW;76654268710.87
2024;BV1;31/01/2024;AllCustomers;KWBU;KWD;16795412.56
2024;BV1;31/01/2024;AllCustomers;KYBU;KYD;15858862.32
2024;BV1;31/01/2024;AllCustomers;LIBU;CHF;147220133.95
2024;BV1;31/01/2024;AllCustomers;LTBU;EUR;25338534.3
2024;BV1;31/01/2024;AllCustomers;LUBU;EUR;35913118.52
2024;BV1;31/01/2024;AllCustomers;LVBU;EUR;27429836.1
2024;BV1;31/01/2024;AllCustomers;MCBU;EUR;295208536.54
2024;BV1;31/01/2024;AllCustomers;MSBU;XCD;58065215.79
2024;BV1;31/01/2024;AllCustomers;MTBU;EUR;58613485.54
2024;BV1;31/01/2024;AllCustomers;MYBU;MYR;116843526.24
2024;BV1;31/01/2024;AllCustomers;NLBU;EUR;19078110.92
2024;BV1;31/01/2024;AllCustomers;NOBU;NOK;517689204.89
2024;BV1;31/01/2024;AllCustomers;NZBU;NZD;84001066.11
2024;BV1;31/01/2024;AllCustomers;OMBU;OMR;24873968.87
2024;BV1;31/01/2024;AllCustomers;PLBU;PLN;98720217.71
2024;BV1;31/01/2024;AllCustomers;PNBU;NZD;42512616.73
2024;BV1;31/01/2024;AllCustomers;PTBU;EUR;24023396.28
2024;BV1;31/01/2024;AllCustomers;QABU;QAR;176086506.73
2024;BV1;31/01/2024;AllCustomers;SABU;SAR;270640324.44
2024;BV1;31/01/2024;AllCustomers;SEBU;SEK;480283064.01
2024;BV1;31/01/2024;AllCustomers;SGBU;SGD;68954113.52
2024;BV1;31/01/2024;AllCustomers;SHBU;SHP;23580035.47
2024;BV1;31/01/2024;AllCustomers;SIBU;EUR;26687889.94
2024;BV1;31/01/2024;AllCustomers;SKBU;EUR;24960470.53
2024;BV1;31/01/2024;AllCustomers;SMBU;EUR;282494272.57
2024;BV1;31/01/2024;AllCustomers;TWBU;TWD;643823103.26
2024;BV1;31/01/2024;AllCustomers;USBU;USD;32126988.58
2024;BV1;31/01/2024;AllCustomers;VABU;EUR;177121850.08
2024;BV1;31/01/2024;AllCustomers;VGBU;USD;28355980.29
2024;BV1;31/01/2024;AllCustomers;WFBU;XPF;3144048163.33
2024;BV1;31/01/2024;AllCustomers;ZABU;ZAR;545236108.66
2024;BV1;29/02/2024;AllCustomers;ADBU;EUR;68434045.22
2024;BV1;29/02/2024;AllCustomers;AEBU;AED;218695326.06
2024;BV1;29/02/2024;AllCustomers;ATBU;EUR;22138609.31
2024;BV1;29/02/2024;AllCustomers;AUBU;AUD;28503954.41
2024;BV1;29/02/2024;AllCustomers;BEBU;EUR;40485355.87
2024;BV1;29/02/2024;AllCustomers;BHBU;BHD;14088266.51
2024;BV1;29/02/2024;AllCustomers;BMBU;BMD;33924880.28
2024;BV1;29/02/2024;AllCustomers;CABU;CAD;53223507.77
2024;BV1;29/02/2024;AllCustomers;CHBU;CHF;54062838.9
2024;BV1;29/02/2024;AllCustomers;CYBU;EUR;16546785.1
2024;BV1;29/02/2024;AllCustomers;CZBU;CZK;517063849.01
2024;BV1;29/02/2024;AllCustomers;DEBU;EUR;19135175.38
2024;BV1;29/02/2024;AllCustomers;DKBU;DKK;446336720.79
2024;BV1;29/02/2024;AllCustomers;EEBU;EUR;33014899.63
2024;BV1;29/02/2024;AllCustomers;ESBU;EUR;48973682.32
2024;BV1;29/02/2024;AllCustomers;FIBU;EUR;18038230.27
2024;BV1;29/02/2024;AllCustomers;FKBU;FKP;21177769.0
2024;BV1;29/02/2024;AllCustomers;FOBU;DKK;162432964.38
2024;BV1;29/02/2024;AllCustomers;FRBU;EUR;17918747.0
2024;BV1;29/02/2024;AllCustomers;GBBU;GBP;22434097.7
2024;BV1;29/02/2024;AllCustomers;GGBU;GBP;21487798.87
2024;BV1;29/02/2024;AllCustomers;GIBU;GIP;30269235.35
2024;BV1;29/02/2024;AllCustomers;GRBU;EUR;18050403.8
2024;BV1;29/02/2024;AllCustomers;HKBU;HKD;206633383.12
2024;BV1;29/02/2024;AllCustomers;HUBU;HUF;9024742826.57
2024;BV1;29/02/2024;AllCustomers;IEBU;EUR;19908276.23
2024;BV1;29/02/2024;AllCustomers;ILBU;ILS;99953507.52
2024;BV1;29/02/2024;AllCustomers;IMBU;GBP;16587677.07
2024;BV1;29/02/2024;AllCustomers;IOBU;USD;33198159.95
2024;BV1;29/02/2024;AllCustomers;ISBU;ISK;3309020900.88
2024;BV1;29/02/2024;AllCustomers;ITBU;EUR;58346001.6
2024;BV1;29/02/2024;AllCustomers;JEBU;GBP;22837117.77
2024;BV1;29/02/2024;AllCustomers;JPBU;JPY;3229474860.72
2024;BV1;29/02/2024;AllCustomers;KRBU;KRW;98518353470.75
2024;BV1;29/02/2024;AllCustomers;KWBU;KWD;15887692.25
2024;BV1;29/02/2024;AllCustomers;KYBU;KYD;16086583.84
2024;BV1;29/02/2024;AllCustomers;LIBU;CHF;184438858.43
2024;BV1;29/02/2024;AllCustomers;LTBU;EUR;19251454.73
2024;BV1;29/02/2024;AllCustomers;LUBU;EUR;53360513.23
2024;BV1;29/02/2024;AllCustomers;LVBU;EUR;19389402.25
2024;BV1;29/02/2024;AllCustomers;MCBU;EUR;294752868.65
2024;BV1;29/02/2024;AllCustomers;MSBU;XCD;86816115.95
2024;BV1;29/02/2024;AllCustomers;MTBU;EUR;60189404.66
2024;BV1;29/02/2024;AllCustomers;MYBU;MYR;95312672.38
2024;BV1;29/02/2024;AllCustomers;NLBU;EUR;18183052.43
2024;BV1;29/02/2024;AllCustomers;NOBU;NOK;515283924.13
2024;BV1;29/02/2024;AllCustomers;NZBU;NZD;87841503.77
2024;BV1;29/02/2024;AllCustomers;OMBU;OMR;18229659.42
2024;BV1;29/02/2024;AllCustomers;PLBU;PLN;97909208.81
2024;BV1;29/02/2024;AllCustomers;PNBU;NZD;35766618.75
2024;BV1;29/02/2024;AllCustomers;PTBU;EUR;25498325.24
2024;BV1;29/02/2024;AllCustomers;QABU;QAR;180331853.01
2024;BV1;29/02/2024;AllCustomers;SABU;SAR;206249166.29
2024;BV1;29/02/2024;AllCustomers;SEBU;SEK;605943811.55
2024;BV1;29/02/2024;AllCustomers;SGBU;SGD;68041832.93
2024;BV1;29/02/2024;AllCustomers;SHBU;SHP;23817401.28
2024;BV1;29/02/2024;AllCustomers;SIBU;EUR;21504048.25
2024;BV1;29/02/2024;AllCustomers;SKBU;EUR;29984576.85
2024;BV1;29/02/2024;AllCustomers;SMBU;EUR;313088836.37
2024;BV1;29/02/2024;AllCustomers;TWBU;TWD;878612751.74
2024;BV1;29/02/2024;AllCustomers;USBU;USD;23539044.9
2024;BV1;29/02/2024;AllCustomers;VABU;EUR;167043316.16
2024;BV1;29/02/2024;AllCustomers;VGBU;USD;19431391.76
2024;BV1;29/02/2024;AllCustomers;WFBU;XPF;2185495577.65
2024;BV1;29/02/2024;AllCustomers;ZABU;ZAR;384858188.54
2024;BV1;31/03/2024;AllCustomers;ADBU;EUR;82317502.77
2024;BV1;31/03/2024;AllCustomers;AEBU;AED;236818723.62
2024;BV1;31/03/2024;AllCustomers;ATBU;EUR;22905099.98
2024;BV1;31/03/2024;AllCustomers;AUBU;AUD;30104868.51
2024;BV1;31/03/2024;AllCustomers;BEBU;EUR;44274969.1
2024;BV1;31/03/2024;AllCustomers;BHBU;BHD;18181621.1
2024;BV1;31/03/2024;AllCustomers;BMBU;BMD;29030490.63
2024;BV1;31/03/2024;AllCustomers;CABU;CAD;63001577.49
2024;BV1;31/03/2024;AllCustomers;CHBU;CHF;62490910.65
2024;BV1;31/03/2024;AllCustomers;CYBU;EUR;19870104.86
2024;BV1;31/03/2024;AllCustomers;CZBU;CZK;616017759.47
2024;BV1;31/03/2024;AllCustomers;DEBU;EUR;24466343.99
2024;BV1;31/03/2024;AllCustomers;DKBU;DKK;448959426.85
2024;BV1;31/03/2024;AllCustomers;EEBU;EUR;21470266.09
2024;BV1;31/03/2024;AllCustomers;ESBU;EUR;64967525.93
2024;BV1;31/03/2024;AllCustomers;FIBU;EUR;28727401.13
2024;BV1;31/03/2024;AllCustomers;FKBU;FKP;24878552.36
2024;BV1;31/03/2024;AllCustomers;FOBU;DKK;214410335.12
2024;BV1;31/03/2024;AllCustomers;FRBU;EUR;27316865.06
2024;BV1;31/03/2024;AllCustomers;GBBU;GBP;18409523.69
2024;BV1;31/03/2024;AllCustomers;GGBU;GBP;16510733.67
2024;BV1;31/03/2024;AllCustomers;GIBU;GIP;45359603.34
2024;BV1;31/03/2024;AllCustomers;GRBU;EUR;24299925.08
2024;BV1;31/03/2024;AllCustomers;HKBU;HKD;150047151.59
2024;BV1;31/03/2024;AllCustomers;HUBU;HUF;8013155263.32
2024;BV1;31/03/2024;AllCustomers;IEBU;EUR;28629241.27
2024;BV1;31/03/2024;AllCustomers;ILBU;ILS;87955991.26
2024;BV1;31/03/2024;AllCustomers;IMBU;GBP;17091405.63
2024;BV1;31/03/2024;AllCustomers;IOBU;USD;29351470.85
2024;BV1;31/03/2024;AllCustomers;ISBU;ISK;3362422661.62
2024;BV1;31/03/2024;AllCustomers;ITBU;EUR;44120693.79
2024;BV1;31/03/2024;AllCustomers;JEBU;GBP;15893009.55
2024;BV1;31/03/2024;AllCustomers;JPBU;JPY;2678951717.63
2024;BV1;31/03/2024;AllCustomers;KRBU;KRW;87655474146.8
2024;BV1;31/03/2024;AllCustomers;KWBU;KWD;12895401.89
2024;BV1;31/03/2024;AllCustomers;KYBU;KYD;22633803.48
2024;BV1;31/03/2024;AllCustomers;LIBU;CHF;155635857.1
2024;BV1;31/03/2024;AllCustomers;LTBU;EUR;31282735.26
2024;BV1;31/03/2024;AllCustomers;LUBU;EUR;40062064.12
2024;BV1;31/03/2024;AllCustomers;LVBU;EUR;18450412.88
2024;BV1;31/03/2024;AllCustomers;MCBU;EUR;192976924.67
2024;BV1;31/03/2024;AllCustomers;MSBU;XCD;91933726.58
2024;BV1;31/03/2024;AllCustomers;MTBU;EUR;33947491.5
2024;BV1;31/03/2024;AllCustomers;MYBU;MYR;83078174.0
2024;BV1;31/03/2024;AllCustomers;NLBU;EUR;21751178.42
2024;BV1;31/03/2024;AllCustomers;NOBU;NOK;513071462.41
2024;BV1;31/03/2024;AllCustomers;NZBU;NZD;75406606.9
2024;BV1;31/03/2024;AllCustomers;OMBU;OMR;21992976.73
2024;BV1;31/03/2024;AllCustomers;PLBU;PLN;97283423.47
2024;BV1;31/03/2024;AllCustomers;PNBU;NZD;34079365.82
2024;BV1;31/03/2024;AllCustomers;PTBU;EUR;21147973.11
2024;BV1;31/03/2024;AllCustomers;QABU;QAR;140041492.04
2024;BV1;31/03/2024;AllCustomers;SABU;SAR;241686645.15
2024;BV1;31/03/2024;AllCustomers;SEBU;SEK;548332060.38
2024;BV1;31/03/2024;AllCustomers;SGBU;SGD;81911749.15
2024;BV1;31/03/2024;AllCustomers;SHBU;SHP;18389334.2
2024;BV1;31/03/2024;AllCustomers;SIBU;EUR;20193598.84
2024;BV1;31/03/2024;AllCustomers;SKBU;EUR;26812479.69
2024;BV1;31/03/2024;AllCustomers;SMBU;EUR;353790139.95
2024;BV1;31/03/2024;AllCustomers;TWBU;TWD;871529106.1
2024;BV1;31/03/2024;AllCustomers;USBU;USD;32701117.12
2024;BV1;31/03/2024;AllCustomers;VABU;EUR;163124695.65
2024;BV1;31/03/2024;AllCustomers;VGBU;USD;21870403.4
2024;BV1;31/03/2024;AllCustomers;WFBU;XPF;3059108796.66
2024;BV1;31/03/2024;AllCustomers;ZABU;ZAR;303884485.75
2024;BV1;30/04/2024;AllCustomers;ADBU;EUR;73971988.82
2024;BV1;30/04/2024;AllCustomers;AEBU;AED;257336482.73
2024;BV1;30/04/2024;AllCustomers;ATBU;EUR;19742825.16
2024;BV1;30/04/2024;AllCustomers;AUBU;AUD;42707510.56
2024;BV1;30/04/2024;AllCustomers;BEBU;EUR;55283211.85
2024;BV1;30/04/2024;AllCustomers;BHBU;BHD;21489163.52
2024;BV1;30/04/2024;AllCustomers;BMBU;BMD;22270287.47
2024;BV1;30/04/2024;AllCustomers;CABU;CAD;84855162.7
2024;BV1;30/04/2024;AllCustomers;CHBU;CHF;45906308.18
2024;BV1;30/04/2024;AllCustomers;CYBU;EUR;23524705.77
2024;BV1;30/04/2024;AllCustomers;CZBU;CZK;732534022.87
2024;BV1;30/04/2024;AllCustomers;DEBU;EUR;27821100.23
2024;BV1;30/04/2024;AllCustomers;DKBU;DKK;440011050.48
2024;BV1;30/04/2024;AllCustomers;EEBU;EUR;30960367.95
2024;BV1;30/04/2024;AllCustomers;ESBU;EUR;36089930.1
2024;BV1;30/04/2024;AllCustomers;FIBU;EUR;27475362.11
2024;BV1;30/04/2024;AllCustomers;FKBU;FKP;21594106.63
2024;BV1;30/04/2024;AllCustomers;FOBU;DKK;138195685.57
2024;BV1;30/04/2024;AllCustomers;FRBU;EUR;26556501.96
2024;BV1;30/04/2024;AllCustomers;GBBU;GBP;23687933.35
2024;BV1;30/04/2024;AllCustomers;GGBU;GBP;23005364.38
2024;BV1;30/04/2024;AllCustomers;GIBU;GIP;28478061.23
2024;BV1;30/04/2024;AllCustomers;GRBU;EUR;21505005.77
2024;BV1;30/04/2024;AllCustomers;HKBU;HKD;204944347.94
2024;BV1;30/04/2024;AllCustomers;HUBU;HUF;10032283691.57
2024;BV1;30/04/2024;AllCustomers;IEBU;EUR;20228889.05
2024;BV1;30/04/2024;AllCustomers;ILBU;ILS;108307331.0
2024;BV1;30/04/2024;AllCustomers;IMBU;GBP;14493337.75
2024;BV1;30/04/2024;AllCustomers;IOBU;USD;23755162.94
2024;BV1;30/04/2024;AllCustomers;ISBU;ISK;2813293639.68
2024;BV1;30/04/2024;AllCustomers;ITBU;EUR;40202131.12
2024;BV1;30/04/2024;AllCustomers;JEBU;GBP;23389401.53
2024;BV1;30/04/2024;AllCustomers;JPBU;JPY;3364466362.22
2024;BV1;30/04/2024;AllCustomers;KRBU;KRW;72871897479.53
2024;BV1;30/04/2024;AllCustomers;KWBU;KWD;16444753.5
2024;BV1;30/04/2024;AllCustomers;KYBU;KYD;19307585.99
2024;BV1;30/04/2024;AllCustomers;LIBU;CHF;153456959.63
2024;BV1;30/04/2024;AllCustomers;LTBU;EUR;24577305.11
2024;BV1;30/04/2024;AllCustomers;LUBU;EUR;61484597.41
2024;BV1;30/04/2024;AllCustomers;LVBU;EUR;20329310.63
2024;BV1;30/04/2024;AllCustomers;MCBU;EUR;198381400.65
2024;BV1;30/04/2024;AllCustomers;MSBU;XCD;67259286.38
2024;BV1;30/04/2024;AllCustomers;MTBU;EUR;59537852.85
2024;BV1;30/04/2024;AllCustomers;MYBU;MYR;76256237.95
2024;BV1;30/04/2024;AllCustomers;NLBU;EUR;29845799.51
2024;BV1;30/04/2024;AllCustomers;NOBU;NOK;402420121.62
2024;BV1;30/04/2024;AllCustomers;NZBU;NZD;58435168.61
2024;BV1;30/04/2024;AllCustomers;OMBU;OMR;17752190.18
2024;BV1;30/04/2024;AllCustomers;PLBU;PLN;105608409.3
2024;BV1;30/04/2024;AllCustomers;PNBU;NZD;42435797.39
2024;BV1;30/04/2024;AllCustomers;PTBU;EUR;20891559.25
2024;BV1;30/04/2024;AllCustomers;QABU;QAR;261139730.35
2024;BV1;30/04/2024;AllCustomers;SABU;SAR;221227485.22
2024;BV1;30/04/2024;AllCustomers;SEBU;SEK;603766859.65
2024;BV1;30/04/2024;AllCustomers;SGBU;SGD;73449222.62
2024;BV1;30/04/2024;AllCustomers;SHBU;SHP;19451199.71
2024;BV1;30/04/2024;AllCustomers;SIBU;EUR;24939270.08
2024;BV1;30/04/2024;AllCustomers;SKBU;EUR;17989043.33
2024;BV1;30/04/2024;AllCustomers;SMBU;EUR;288540706.54
2024;BV1;30/04/2024;AllCustomers;TWBU;TWD;938427824.2
2024;BV1;30/04/2024;AllCustomers;USBU;USD;30822770.01
2024;BV1;30/04/2024;AllCustomers;VABU;EUR;196512167.57
2024;BV1;30/04/2024;AllCustomers;VGBU;USD;27873447.25
2024;BV1;30/04/2024;AllCustomers;WFBU;XPF;2549525273.97
2024;BV1;30/04/2024;AllCustomers;ZABU;ZAR;487949689.76
2024;BV1;31/05/2024;AllCustomers;ADBU;EUR;63721251.23
2024;BV1;31/05/2024;AllCustomers;AEBU;AED;228951154.97
2024;BV1;31/05/2024;AllCustomers;ATBU;EUR;28612815.07
2024;BV1;31/05/2024;AllCustomers;AUBU;AUD;40849914.26
2024;BV1;31/05/2024;AllCustomers;BEBU;EUR;40983359.26
2024;BV1;31/05/2024;AllCustomers;BHBU;BHD;16778161.88
2024;BV1;31/05/2024;AllCustomers;BMBU;BMD;20394490.51
2024;BV1;31/05/2024;AllCustomers;CABU;CAD;75020799.24
2024;BV1;31/05/2024;AllCustomers;CHBU;CHF;45103707.73
2024;BV1;31/05/2024;AllCustomers;CYBU;EUR;23187550.16
2024;BV1;31/05/2024;AllCustomers;CZBU;CZK;786875703.02
2024;BV1;31/05/2024;AllCustomers;DEBU;EUR;18807483.09
2024;BV1;31/05/2024;AllCustomers;DKBU;DKK;501600319.1
2024;BV1;31/05/2024;AllCustomers;EEBU;EUR;26374930.16
2024;BV1;31/05/2024;AllCustomers;ESBU;EUR;35889899.97
2024;BV1;31/05/2024;AllCustomers;FIBU;EUR;31929952.89
2024;BV1;31/05/2024;AllCustomers;FKBU;FKP;15201356.47
2024;BV1;31/05/2024;AllCustomers;FOBU;DKK;135354574.05
2024;BV1;31/05/2024;AllCustomers;FRBU;EUR;18021460.45
2024;BV1;31/05/2024;AllCustomers;GBBU;GBP;14206318.73
2024;BV1;31/05/2024;AllCustomers;GGBU;GBP;14272174.1
2024;BV1;31/05/2024;AllCustomers;GIBU;GIP;38948949.54
2024;BV1;31/05/2024;AllCustomers;GRBU;EUR;27048375.28
2024;BV1;31/05/2024;AllCustomers;HKBU;HKD;271240941.58
2024;BV1;31/05/2024;AllCustomers;HUBU;HUF;6897433002.65
2024;BV1;31/05/2024;AllCustomers;IEBU;EUR;19529499.77
2024;BV1;31/05/2024;AllCustomers;ILBU;ILS;75415391.39
2024;BV1;31/05/2024;AllCustomers;IMBU;GBP;17719843.6
2024;BV1;31/05/2024;AllCustomers;IOBU;USD;27033678.21
2024;BV1;31/05/2024;AllCustomers;ISBU;ISK;2826708101.04
2024;BV1;31/05/2024;AllCustomers;ITBU;EUR;44536876.65
2024;BV1;31/05/2024;AllCustomers;JEBU;GBP;23931312.65
2024;BV1;31/05/2024;AllCustomers;JPBU;JPY;4013685073.99
2024;BV1;31/05/2024;AllCustomers;KRBU;KRW;102801455943.32
2024;BV1;31/05/2024;AllCustomers;KWBU;KWD;13803409.84
2024;BV1;31/05/2024;AllCustomers;KYBU;KYD;24660725.49
2024;BV1;31/05/2024;AllCustomers;LIBU;CHF;132078189.58
2024;BV1;31/05/2024;AllCustomers;LTBU;EUR;20982465.05
2024;BV1;31/05/2024;AllCustomers;LUBU;EUR;37395796.42
2024;BV1;31/05/2024;AllCustomers;LVBU;EUR;24410882.2
2024;BV1;31/05/2024;AllCustomers;MCBU;EUR;197556103.94
2024;BV1;31/05/2024;AllCustomers;MSBU;XCD;71441544.74
2024;BV1;31/05/2024;AllCustomers;MTBU;EUR;45762340.51
2024;BV1;31/05/2024;AllCustomers;MYBU;MYR;74359597.88
2024;BV1;31/05/2024;AllCustomers;NLBU;EUR;20297182.4
2024;BV1;31/05/2024;AllCustomers;NOBU;NOK;391386402.77
2024;BV1;31/05/2024;AllCustomers;NZBU;NZD;54608685.28
2024;BV1;31/05/2024;AllCustomers;OMBU;OMR;21084480.25
2024;BV1;31/05/2024;AllCustomers;PLBU;PLN;119115043.25
2024;BV1;31/05/2024;AllCustomers;PNBU;NZD;41564889.85
2024;BV1;31/05/2024;AllCustomers;PTBU;EUR;26333623.29
2024;BV1;31/05/2024;AllCustomers;QABU;QAR;207152240.15
2024;BV1;31/05/2024;AllCustomers;SABU;SAR;263442951.03
2024;BV1;31/05/2024;AllCustomers;SEBU;SEK;562139237.18
2024;BV1;31/05/2024;AllCustomers;SGBU;SGD;78089812.85
2024;BV1;31/05/2024;AllCustomers;SHBU;SHP;15241948.07
2024;BV1;31/05/2024;AllCustomers;SIBU;EUR;20017833.11
2024;BV1;31/05/2024;AllCustomers;SKBU;EUR;17532639.49
2024;BV1;31/05/2024;AllCustomers;SMBU;EUR;193711922.89
2024;BV1;31/05/2024;AllCustomers;TWBU;TWD;630573635.25
2024;BV1;31/05/2024;AllCustomers;USBU;USD;19527812.7
2024;BV1;31/05/2024;AllCustomers;VABU;EUR;135755120.46
2024;BV1;31/05/2024;AllCustomers;VGBU;USD;21807859.61
2024;BV1;31/05/2024;AllCustomers;WFBU;XPF;2344798633.12
2024;BV1;31/05/2024;AllCustomers;ZABU;ZAR;410501055.35
2024;BV1;30/06/2024;AllCustomers;ADBU;EUR;52799377.81
2024;BV1;30/06/2024;AllCustomers;AEBU;AED;200095164.4
2024;BV1;30/06/2024;AllCustomers;ATBU;EUR;27689077.43
2024;BV1;30/06/2024;AllCustomers;AUBU;AUD;32762564.01
2024;BV1;30/06/2024;AllCustomers;BEBU;EUR;36628077.73
2024;BV1;30/06/2024;AllCustomers;BHBU;BHD;15290996.21
2024;BV1;30/06/2024;AllCustomers;BMBU;BMD;19657590.05
2024;BV1;30/06/2024;AllCustomers;CABU;CAD;85947336.43
2024;BV1;30/06/2024;AllCustomers;CHBU;CHF;61656498.45
2024;BV1;30/06/2024;AllCustomers;CYBU;EUR;18984194.95
2024;BV1;30/06/2024;AllCustomers;CZBU;CZK;843697639.86
2024;BV1;30/06/2024;AllCustomers;DEBU;EUR;30433707.52
2024;BV1;30/06/2024;AllCustomers;DKBU;DKK;268144061.2
2024;BV1;30/06/2024;AllCustomers;EEBU;EUR;25344648.16
2024;BV1;30/06/2024;AllCustomers;ESBU;EUR;44737543.4
2024;BV1;30/06/2024;AllCustomers;FIBU;EUR;18515258.51
2024;BV1;30/06/2024;AllCustomers;FKBU;FKP;13718387.5
2024;BV1;30/06/2024;AllCustomers;FOBU;DKK;220799544.46
2024;BV1;30/06/2024;AllCustomers;FRBU;EUR;28233307.78
2024;BV1;30/06/2024;AllCustomers;GBBU;GBP;24488884.7
2024;BV1;30/06/2024;AllCustomers;GGBU;GBP;24806260.3
2024;BV1;30/06/2024;AllCustomers;GIBU;GIP;47944776.8
2024;BV1;30/06/2024;AllCustomers;GRBU;EUR;25003479.18
2024;BV1;30/06/2024;AllCustomers;HKBU;HKD;214890904.03
2024;BV1;30/06/2024;AllCustomers;HUBU;HUF;9640757462.56
2024;BV1;30/06/2024;AllCustomers;IEBU;EUR;25443441.21
2024;BV1;30/06/2024;AllCustomers;ILBU;ILS;91896607.98
2024;BV1;30/06/2024;AllCustomers;IMBU;GBP;21587573.37
2024;BV1;30/06/2024;AllCustomers;IOBU;USD;33835039.19
2024;BV1;30/06/2024;AllCustomers;ISBU;ISK;3422801104.16
2024;BV1;30/06/2024;AllCustomers;ITBU;EUR;58224945.69
2024;BV1;30/06/2024;AllCustomers;JEBU;GBP;20905684.55
2024;BV1;30/06/2024;AllCustomers;JPBU;JPY;2252160104.1
2024;BV1;30/06/2024;AllCustomers;KRBU;KRW;80379348809.12
2024;BV1;30/06/2024;AllCustomers;KWBU;KWD;20106425.07
2024;BV1;30/06/2024;AllCustomers;KYBU;KYD;22616106.64
2024;BV1;30/06/2024;AllCustomers;LIBU;CHF;143686457.08
2024;BV1;30/06/2024;AllCustomers;LTBU;EUR;32544578.96
2024;BV1;30/06/2024;AllCustomers;LUBU;EUR;55386174.25
2024;BV1;30/06/2024;AllCustomers;LVBU;EUR;20601473.02
2024;BV1;30/06/2024;AllCustomers;MCBU;EUR;275538345.21
2024;BV1;30/06/2024;AllCustomers;MSBU;XCD;69299854.8
2024;BV1;30/06/2024;AllCustomers;MTBU;EUR;44847040.75
2024;BV1;30/06/2024;AllCustomers;MYBU;MYR;99581647.05
2024;BV1;30/06/2024;AllCustomers;NLBU;EUR;22396600.3
2024;BV1;30/06/2024;AllCustomers;NOBU;NOK;383140321.65
2024;BV1;30/06/2024;AllCustomers;NZBU;NZD;65934171.93
2024;BV1;30/06/2024;AllCustomers;OMBU;OMR;25655347.69
2024;BV1;30/06/2024;AllCustomers;PLBU;PLN;86313409.0
2024;BV1;30/06/2024;AllCustomers;PNBU;NZD;51588575.48
2024;BV1;30/06/2024;AllCustomers;PTBU;EUR;17271203.73
2024;BV1;30/06/2024;AllCustomers;QABU;QAR;180184777.82
2024;BV1;30/06/2024;AllCustomers;SABU;SAR;253875558.73
2024;BV1;30/06/2024;AllCustomers;SEBU;SEK;494365739.54
2024;BV1;30/06/2024;AllCustomers;SGBU;SGD;94558828.88
2024;BV1;30/06/2024;AllCustomers;SHBU;SHP;17724943.81
2024;BV1;30/06/2024;AllCustomers;SIBU;EUR;18561477.48
2024;BV1;30/06/2024;AllCustomers;SKBU;EUR;30044076.42
2024;BV1;30/06/2024;AllCustomers;SMBU;EUR;277174632.56
2024;BV1;30/06/2024;AllCustomers;TWBU;TWD;848728796.17
2024;BV1;30/06/2024;AllCustomers;USBU;USD;30391410.49
2024;BV1;30/06/2024;AllCustomers;VABU;EUR;255173277.56
2024;BV1;30/06/2024;AllCustomers;VGBU;USD;25136905.66
2024;BV1;30/06/2024;AllCustomers;WFBU;XPF;2929005027.88
2024;BV1;30/06/2024;AllCustomers;ZABU;ZAR;521986528.59
2024;BV1;31/07/2024;AllCustomers;ADBU;EUR;72012382.02
2024;BV1;31/07/2024;AllCustomers;AEBU;AED;148249999.46
2024;BV1;31/07/2024;AllCustomers;ATBU;EUR;29617988.45
2024;BV1;31/07/2024;AllCustomers;AUBU;AUD;33264809.57
2024;BV1;31/07/2024;AllCustomers;BEBU;EUR;39608925.8
2024;BV1;31/07/2024;AllCustomers;BHBU;BHD;15232212.35
2024;BV1;31/07/2024;AllCustomers;BMBU;BMD;19531042.57
2024;BV1;31/07/2024;AllCustomers;CABU;CAD;62754725.82
2024;BV1;31/07/2024;AllCustomers;CHBU;CHF;57969321.78
2024;BV1;31/07/2024;AllCustomers;CYBU;EUR;26969010.83
2024;BV1;31/07/2024;AllCustomers;CZBU;CZK;731846613.92
2024;BV1;31/07/2024;AllCustomers;DEBU;EUR;28514314.43
2024;BV1;31/07/2024;AllCustomers;DKBU;DKK;292325704.46
2024;BV1;31/07/2024;AllCustomers;EEBU;EUR;17878995.87
2024;BV1;31/07/2024;AllCustomers;ESBU;EUR;45580100.37
2024;BV1;31/07/2024;AllCustomers;FIBU;EUR;27260473.69
2024;BV1;31/07/2024;AllCustomers;FKBU;FKP;19725533.66
2024;BV1;31/07/2024;AllCustomers;FOBU;DKK;189233476.55
2024;BV1;31/07/2024;AllCustomers;FRBU;EUR;27029034.09
2024;BV1;31/07/2024;AllCustomers;GBBU;GBP;15484435.12
2024;BV1;31/07/2024;AllCustomers;GGBU;GBP;16108833.2
2024;BV1;31/07/2024;AllCustomers;GIBU;GIP;41774104.89
2024;BV1;31/07/2024;AllCustomers;GRBU;EUR;25689998.28
2024;BV1;31/07/2024;AllCustomers;HKBU;HKD;199889635.26
2024;BV1;31/07/2024;AllCustomers;HUBU;HUF;9272100565.53
2024;BV1;31/07/2024;AllCustomers;IEBU;EUR;22095750.14
2024;BV1;31/07/2024;AllCustomers;ILBU;ILS;89993469.26
2024;BV1;31/07/2024;AllCustomers;IMBU;GBP;23307381.85
2024;BV1;31/07/2024;AllCustomers;IOBU;USD;23768329.37
2024;BV1;31/07/2024;AllCustomers;ISBU;ISK;4128414886.21
2024;BV1;31/07/2024;AllCustomers;ITBU;EUR;59880004.21
2024;BV1;31/07/2024;AllCustomers;JEBU;GBP;24380193.51
2024;BV1;31/07/2024;AllCustomers;JPBU;JPY;2658087705.81
2024;BV1;31/07/2024;AllCustomers;KRBU;KRW;79810049249.09
2024;BV1;31/07/2024;AllCustomers;KWBU;KWD;19753015.22
2024;BV1;31/07/2024;AllCustomers;KYBU;KYD;16391509.5
2024;BV1;31/07/2024;AllCustomers;LIBU;CHF;162166222.02
2024;BV1;31/07/2024;AllCustomers;LTBU;EUR;19674097.42
2024;BV1;31/07/2024;AllCustomers;LUBU;EUR;43069267.91
2024;BV1;31/07/2024;AllCustomers;LVBU;EUR;27728101.61
2024;BV1;31/07/2024;AllCustomers;MCBU;EUR;203153214.19
2024;BV1;31/07/2024;AllCustomers;MSBU;XCD;58240971.36
2024;BV1;31/07/2024;AllCustomers;MTBU;EUR;39311096.35
2024;BV1;31/07/2024;AllCustomers;MYBU;MYR;120592479.32
2024;BV1;31/07/2024;AllCustomers;NLBU;EUR;28195999.51
2024;BV1;31/07/2024;AllCustomers;NOBU;NOK;462730253.91
2024;BV1;31/07/2024;AllCustomers;NZBU;NZD;86575632.97
2024;BV1;31/07/2024;AllCustomers;OMBU;OMR;22679952.83
2024;BV1;31/07/2024;AllCustomers;PLBU;PLN;101044491.99
2024;BV1;31/07/2024;AllCustomers;PNBU;NZD;30954503.21
2024;BV1;31/07/2024;AllCustomers;PTBU;EUR;29082757.13
2024;BV1;31/07/2024;AllCustomers;QABU;QAR;179040697.34
2024;BV1;31/07/2024;AllCustomers;SABU;SAR;193427587.29
2024;BV1;31/07/2024;AllCustomers;SEBU;SEK;526965959.89
2024;BV1;31/07/2024;AllCustomers;SGBU;SGD;63352628.51
2024;BV1;31/07/2024;AllCustomers;SHBU;SHP;16282452.68
2024;BV1;31/07/2024;AllCustomers;SIBU;EUR;18507651.99
2024;BV1;31/07/2024;AllCustomers;SKBU;EUR;21981438.72
2024;BV1;31/07/2024;AllCustomers;SMBU;EUR;244138309.98
2024;BV1;31/07/2024;AllCustomers;TWBU;TWD;704107590.48
2024;BV1;31/07/2024;AllCustomers;USBU;USD;22327155.73
2024;BV1;31/07/2024;AllCustomers;VABU;EUR;165591050.86
2024;BV1;31/07/2024;AllCustomers;VGBU;USD;26197659.41
2024;BV1;31/07/2024;AllCustomers;WFBU;XPF;3555194295.35
2024;BV1;31/07/2024;AllCustomers;ZABU;ZAR;445386769.33
2024;BV1;31/08/2024;AllCustomers;ADBU;EUR;88871856.81
2024;BV1;31/08/2024;AllCustomers;AEBU;AED;156453978.51
2024;BV1;31/08/2024;AllCustomers;ATBU;EUR;29074836.51
2024;BV1;31/08/2024;AllCustomers;AUBU;AUD;37594737.6
2024;BV1;31/08/2024;AllCustomers;BEBU;EUR;43041248.96
2024;BV1;31/08/2024;AllCustomers;BHBU;BHD;18049151.81
2024;BV1;31/08/2024;AllCustomers;BMBU;BMD;24848369.7
2024;BV1;31/08/2024;AllCustomers;CABU;CAD;76554388.45
2024;BV1;31/08/2024;AllCustomers;CHBU;CHF;55073591.67
2024;BV1;31/08/2024;AllCustomers;CYBU;EUR;22334383.88
2024;BV1;31/08/2024;AllCustomers;CZBU;CZK;737668524.67
2024;BV1;31/08/2024;AllCustomers;DEBU;EUR;20044147.69
2024;BV1;31/08/2024;AllCustomers;DKBU;DKK;373661925.52
2024;BV1;31/08/2024;AllCustomers;EEBU;EUR;25277946.58
2024;BV1;31/08/2024;AllCustomers;ESBU;EUR;40951397.44
2024;BV1;31/08/2024;AllCustomers;FIBU;EUR;28998065.99
2024;BV1;31/08/2024;AllCustomers;FKBU;FKP;14988487.4
2024;BV1;31/08/2024;AllCustomers;FOBU;DKK;206882099.8
2024;BV1;31/08/2024;AllCustomers;FRBU;EUR;23850376.74
2024;BV1;31/08/2024;AllCustomers;GBBU;GBP;25025228.85
2024;BV1;31/08/2024;AllCustomers;GGBU;GBP;25361880.88
2024;BV1;31/08/2024;AllCustomers;GIBU;GIP;38439184.01
2024;BV1;31/08/2024;AllCustomers;GRBU;EUR;25639862.36
2024;BV1;31/08/2024;AllCustomers;HKBU;HKD;260196496.72
2024;BV1;31/08/2024;AllCustomers;HUBU;HUF;7711158433.04
2024;BV1;31/08/2024;AllCustomers;IEBU;EUR;17143881.64
2024;BV1;31/08/2024;AllCustomers;ILBU;ILS;119386565.61
2024;BV1;31/08/2024;AllCustomers;IMBU;GBP;21011713.37
2024;BV1;31/08/2024;AllCustomers;IOBU;USD;28757816.72
2024;BV1;31/08/2024;AllCustomers;ISBU;ISK;4098343646.97
2024;BV1;31/08/2024;AllCustomers;ITBU;EUR;38934823.51
2024;BV1;31/08/2024;AllCustomers;JEBU;GBP;21565671.1
2024;BV1;31/08/2024;AllCustomers;JPBU;JPY;3671926029.36
2024;BV1;31/08/2024;AllCustomers;KRBU;KRW;64293434307.64
2024;BV1;31/08/2024;AllCustomers;KWBU;KWD;18594164.88
2024;BV1;31/08/2024;AllCustomers;KYBU;KYD;21992266.57
2024;BV1;31/08/2024;AllCustomers;LIBU;CHF;183937365.28
2024;BV1;31/08/2024;AllCustomers;LTBU;EUR;29789733.34
2024;BV1;31/08/2024;AllCustomers;LUBU;EUR;47944573.33
2024;BV1;31/08/2024;AllCustomers;LVBU;EUR;24325597.68
2024;BV1;31/08/2024;AllCustomers;MCBU;EUR;203197521.43
2024;BV1;31/08/2024;AllCustomers;MSBU;XCD;47977048.23
2024;BV1;31/08/2024;AllCustomers;MTBU;EUR;52754605.28
2024;BV1;31/08/2024;AllCustomers;MYBU;MYR;124293896.2
2024;BV1;31/08/2024;AllCustomers;NLBU;EUR;24209470.06
2024;BV1;31/08/2024;AllCustomers;NOBU;NOK;523541535.14
2024;BV1;31/08/2024;AllCustomers;NZBU;NZD;68023210.3
2024;BV1;31/08/2024;AllCustomers;OMBU;OMR;20415017.05
2024;BV1;31/08/2024;AllCustomers;PLBU;PLN;96295191.62
2024;BV1;31/08/2024;AllCustomers;PNBU;NZD;38323460.44
2024;BV1;31/08/2024;AllCustomers;PTBU;EUR;29131983.89
2024;BV1;31/08/2024;AllCustomers;QABU;QAR;250586689.4
2024;BV1;31/08/2024;AllCustomers;SABU;SAR;171635396.58
2024;BV1;31/08/2024;AllCustomers;SEBU;SEK;463498572.02
2024;BV1;31/08/2024;AllCustomers;SGBU;SGD;88545282.23
2024;BV1;31/08/2024;AllCustomers;SHBU;SHP;19774419.86
2024;BV1;31/08/2024;AllCustomers;SIBU;EUR;18463769.07
2024;BV1;31/08/2024;AllCustomers;SKBU;EUR;18575047.54
2024;BV1;31/08/2024;AllCustomers;SMBU;EUR;184213771.14
2024;BV1;31/08/2024;AllCustomers;TWBU;TWD;812022796.87
2024;BV1;31/08/2024;AllCustomers;USBU;USD;26666126.69
2024;BV1;31/08/2024;AllCustomers;VABU;EUR;174679625.05
2024;BV1;31/08/2024;AllCustomers;VGBU;USD;24089076.31
2024;BV1;31/08/2024;AllCustomers;WFBU;XPF;3132699132.76
2024;BV1;31/08/2024;AllCustomers;ZABU;ZAR;328847605.63
2024;BV1;30/09/2024;AllCustomers;ADBU;EUR;51238028.66
2024;BV1;30/09/2024;AllCustomers;AEBU;AED;188345648.62
2024;BV1;30/09/2024;AllCustomers;ATBU;EUR;30134683.26
2024;BV1;30/09/2024;AllCustomers;AUBU;AUD;32585534.83
2024;BV1;30/09/2024;AllCustomers;BEBU;EUR;55087415.91
2024;BV1;30/09/2024;AllCustomers;BHBU;BHD;26650587.18
2024;BV1;30/09/2024;AllCustomers;BMBU;BMD;34978425.98
2024;BV1;30/09/2024;AllCustomers;CABU;CAD;67226876.25
2024;BV1;30/09/2024;AllCustomers;CHBU;CHF;52278553.33
2024;BV1;30/09/2024;AllCustomers;CYBU;EUR;22922887.47
2024;BV1;30/09/2024;AllCustomers;CZBU;CZK;672536226.63
2024;BV1;30/09/2024;AllCustomers;DEBU;EUR;17760915.63
2024;BV1;30/09/2024;AllCustomers;DKBU;DKK;372016057.47
2024;BV1;30/09/2024;AllCustomers;EEBU;EUR;17979975.2
2024;BV1;30/09/2024;AllCustomers;ESBU;EUR;49233432.09
2024;BV1;30/09/2024;AllCustomers;FIBU;EUR;28018932.05
2024;BV1;30/09/2024;AllCustomers;FKBU;FKP;25002121.28
2024;BV1;30/09/2024;AllCustomers;FOBU;DKK;177142862.72
2024;BV1;30/09/2024;AllCustomers;FRBU;EUR;29597446.1
2024;BV1;30/09/2024;AllCustomers;GBBU;GBP;19492392.42
2024;BV1;30/09/2024;AllCustomers;GGBU;GBP;17577698.57
2024;BV1;30/09/2024;AllCustomers;GIBU;GIP;41472401.93
2024;BV1;30/09/2024;AllCustomers;GRBU;EUR;28099892.92
2024;BV1;30/09/2024;AllCustomers;HKBU;HKD;155925823.07
2024;BV1;30/09/2024;AllCustomers;HUBU;HUF;10646161687.34
2024;BV1;30/09/2024;AllCustomers;IEBU;EUR;24366309.06
2024;BV1;30/09/2024;AllCustomers;ILBU;ILS;125598430.71
2024;BV1;30/09/2024;AllCustomers;IMBU;GBP;23690360.89
2024;BV1;30/09/2024;AllCustomers;IOBU;USD;26967901.82
2024;BV1;30/09/2024;AllCustomers;ISBU;ISK;2836762802.97
2024;BV1;30/09/2024;AllCustomers;ITBU;EUR;37473580.11
2024;BV1;30/09/2024;AllCustomers;JEBU;GBP;16712871.05
2024;BV1;30/09/2024;AllCustomers;JPBU;JPY;3072743146.62
2024;BV1;30/09/2024;AllCustomers;KRBU;KRW;92667971923.84
2024;BV1;30/09/2024;AllCustomers;KWBU;KWD;22041713.34
2024;BV1;30/09/2024;AllCustomers;KYBU;KYD;27477314.57
2024;BV1;30/09/2024;AllCustomers;LIBU;CHF;212379800.57
2024;BV1;30/09/2024;AllCustomers;LTBU;EUR;24307623.52
2024;BV1;30/09/2024;AllCustomers;LUBU;EUR;40314459.55
2024;BV1;30/09/2024;AllCustomers;LVBU;EUR;21028608.11
2024;BV1;30/09/2024;AllCustomers;MCBU;EUR;256470667.34
2024;BV1;30/09/2024;AllCustomers;MSBU;XCD;75898948.67
2024;BV1;30/09/2024;AllCustomers;MTBU;EUR;44202320.87
2024;BV1;30/09/2024;AllCustomers;MYBU;MYR;86373380.93
2024;BV1;30/09/2024;AllCustomers;NLBU;EUR;29133858.39
2024;BV1;30/09/2024;AllCustomers;NOBU;NOK;575137469.6
2024;BV1;30/09/2024;AllCustomers;NZBU;NZD;93928010.32
2024;BV1;30/09/2024;AllCustomers;OMBU;OMR;18246010.68
2024;BV1;30/09/2024;AllCustomers;PLBU;PLN;74813828.33
2024;BV1;30/09/2024;AllCustomers;PNBU;NZD;42986799.75
2024;BV1;30/09/2024;AllCustomers;PTBU;EUR;22665510.6
2024;BV1;30/09/2024;AllCustomers;QABU;QAR;274930273.25
2024;BV1;30/09/2024;AllCustomers;SABU;SAR;277368118.76
2024;BV1;30/09/2024;AllCustomers;SEBU;SEK;531226389.74
2024;BV1;30/09/2024;AllCustomers;SGBU;SGD;58574170.33
2024;BV1;30/09/2024;AllCustomers;SHBU;SHP;19915522.67
2024;BV1;30/09/2024;AllCustomers;SIBU;EUR;23066992.48
2024;BV1;30/09/2024;AllCustomers;SKBU;EUR;25322141.15
2024;BV1;30/09/2024;AllCustomers;SMBU;EUR;208014527.51
2024;BV1;30/09/2024;AllCustomers;TWBU;TWD;878709897.61
2024;BV1;30/09/2024;AllCustomers;USBU;USD;23910578.9
2024;BV1;30/09/2024;AllCustomers;VABU;EUR;223071093.9
2024;BV1;30/09/2024;AllCustomers;VGBU;USD;22778140.64
2024;BV1;30/09/2024;AllCustomers;WFBU;XPF;3219522045.28
2024;BV1;30/09/2024;AllCustomers;ZABU;ZAR;329503717.76
2024;BV1;31/10/2024;AllCustomers;ADBU;EUR;53730864.59
2024;BV1;31/10/2024;AllCustomers;AEBU;AED;226171951.93
2024;BV1;31/10/2024;AllCustomers;ATBU;EUR;31196505.4
2024;BV1;31/10/2024;AllCustomers;AUBU;AUD;31650676.27
2024;BV1;31/10/2024;AllCustomers;BEBU;EUR;39490979.52
2024;BV1;31/10/2024;AllCustomers;BHBU;BHD;23074779.94
2024;BV1;31/10/2024;AllCustomers;BMBU;BMD;27521340.75
2024;BV1;31/10/2024;AllCustomers;CABU;CAD;78722981.52
2024;BV1;31/10/2024;AllCustomers;CHBU;CHF;34671691.36
2024;BV1;31/10/2024;AllCustomers;CYBU;EUR;29627899.49
2024;BV1;31/10/2024;AllCustomers;CZBU;CZK;737800979.57
2024;BV1;31/10/2024;AllCustomers;DEBU;EUR;27546198.18
2024;BV1;31/10/2024;AllCustomers;DKBU;DKK;271192155.19
2024;BV1;31/10/2024;AllCustomers;EEBU;EUR;32859317.84
2024;BV1;31/10/2024;AllCustomers;ESBU;EUR;56304912.46
2024;BV1;31/10/2024;AllCustomers;FIBU;EUR;24653699.15
2024;BV1;31/10/2024;AllCustomers;FKBU;FKP;26402013.14
2024;BV1;31/10/2024;AllCustomers;FOBU;DKK;218636572.67
2024;BV1;31/10/2024;AllCustomers;FRBU;EUR;30371155.78
2024;BV1;31/10/2024;AllCustomers;GBBU;GBP;24388115.48
2024;BV1;31/10/2024;AllCustomers;GGBU;GBP;13883397.03
2024;BV1;31/10/2024;AllCustomers;GIBU;GIP;47852448.46
2024;BV1;31/10/2024;AllCustomers;GRBU;EUR;25566267.1
2024;BV1;31/10/2024;AllCustomers;HKBU;HKD;250086592.9
2024;BV1;31/10/2024;AllCustomers;HUBU;HUF;7166437780.06
2024;BV1;31/10/2024;AllCustomers;IEBU;EUR;20619775.15
2024;BV1;31/10/2024;AllCustomers;ILBU;ILS;111947072.13
2024;BV1;31/10/2024;AllCustomers;IMBU;GBP;21915391.5
2024;BV1;31/10/2024;AllCustomers;IOBU;USD;24045891.29
2024;BV1;31/10/2024;AllCustomers;ISBU;ISK;4316641862.22
2024;BV1;31/10/2024;AllCustomers;ITBU;EUR;46546947.35
2024;BV1;31/10/2024;AllCustomers;JEBU;GBP;17619555.23
2024;BV1;31/10/2024;AllCustomers;JPBU;JPY;3935380757.01
2024;BV1;31/10/2024;AllCustomers;KRBU;KRW;74596364680.05
2024;BV1;31/10/2024;AllCustomers;KWBU;KWD;19899076.99
2024;BV1;31/10/2024;AllCustomers;KYBU;KYD;20192492.97
2024;BV1;31/10/2024;AllCustomers;LIBU;CHF;140233543.01
2024;BV1;31/10/2024;AllCustomers;LTBU;EUR;18526776.35
2024;BV1;31/10/2024;AllCustomers;LUBU;EUR;54096582.1
2024;BV1;31/10/2024;AllCustomers;LVBU;EUR;28204057.44
2024;BV1;31/10/2024;AllCustomers;MCBU;EUR;296884167.18
2024;BV1;31/10/2024;AllCustomers;MSBU;XCD;58612452.98
2024;BV1;31/10/2024;AllCustomers;MTBU;EUR;61918296.47
2024;BV1;31/10/2024;AllCustomers;MYBU;MYR;135622255.32
2024;BV1;31/10/2024;AllCustomers;NLBU;EUR;19132595.7
2024;BV1;31/10/2024;AllCustomers;NOBU;NOK;391277097.89
2024;BV1;31/10/2024;AllCustomers;NZBU;NZD;100276909.73
2024;BV1;31/10/2024;AllCustomers;OMBU;OMR;19063765.36
2024;BV1;31/10/2024;AllCustomers;PLBU;PLN;83086421.7
2024;BV1;31/10/2024;AllCustomers;PNBU;NZD;32524249.93
2024;BV1;31/10/2024;AllCustomers;PTBU;EUR;22319127.43
2024;BV1;31/10/2024;AllCustomers;QABU;QAR;274191490.74
2024;BV1;31/10/2024;AllCustomers;SABU;SAR;201545634.89
2024;BV1;31/10/2024;AllCustomers;SEBU;SEK;348313433.86
2024;BV1;31/10/2024;AllCustomers;SGBU;SGD;67249841.3
2024;BV1;31/10/2024;AllCustomers;SHBU;SHP;22557726.15
2024;BV1;31/10/2024;AllCustomers;SIBU;EUR;30013520.77
2024;BV1;31/10/2024;AllCustomers;SKBU;EUR;29421705.09
2024;BV1;31/10/2024;AllCustomers;SMBU;EUR;204815128.39
2024;BV1;31/10/2024;AllCustomers;TWBU;TWD;957303861.96
2024;BV1;31/10/2024;AllCustomers;USBU;USD;33004622.16
2024;BV1;31/10/2024;AllCustomers;VABU;EUR;182146830.64
2024;BV1;31/10/2024;AllCustomers;VGBU;USD;24339686.86
2024;BV1;31/10/2024;AllCustomers;WFBU;XPF;3046581390.81
2024;BV1;31/10/2024;AllCustomers;ZABU;ZAR;520163161.39
2024;BV1;30/11/2024;AllCustomers;ADBU;EUR;59012829.19
2024;BV1;30/11/2024;AllCustomers;AEBU;AED;230540369.95
2024;BV1;30/11/2024;AllCustomers;ATBU;EUR;30002752.39
2024;BV1;30/11/2024;AllCustomers;AUBU;AUD;31997934.8
2024;BV1;30/11/2024;AllCustomers;BEBU;EUR;51549304.12
2024;BV1;30/11/2024;AllCustomers;BHBU;BHD;17588607.11
2024;BV1;30/11/2024;AllCustomers;BMBU;BMD;26454578.34
2024;BV1;30/11/2024;AllCustomers;CABU;CAD;76470590.47
2024;BV1;30/11/2024;AllCustomers;CHBU;CHF;64032712.69
2024;BV1;30/11/2024;AllCustomers;CYBU;EUR;30823894.56
2024;BV1;30/11/2024;AllCustomers;CZBU;CZK;568116840.04
2024;BV1;30/11/2024;AllCustomers;DEBU;EUR;17201313.78
2024;BV1;30/11/2024;AllCustomers;DKBU;DKK;379185001.43
2024;BV1;30/11/2024;AllCustomers;EEBU;EUR;33090847.02
2024;BV1;30/11/2024;AllCustomers;ESBU;EUR;59294562.65
2024;BV1;30/11/2024;AllCustomers;FIBU;EUR;28947578.7
2024;BV1;30/11/2024;AllCustomers;FKBU;FKP;24391165.55
2024;BV1;30/11/2024;AllCustomers;FOBU;DKK;185850316.54
2024;BV1;30/11/2024;AllCustomers;FRBU;EUR;20420535.53
2024;BV1;30/11/2024;AllCustomers;GBBU;GBP;25927561.44
2024;BV1;30/11/2024;AllCustomers;GGBU;GBP;16136585.18
2024;BV1;30/11/2024;AllCustomers;GIBU;GIP;47575576.33
2024;BV1;30/11/2024;AllCustomers;GRBU;EUR;20319861.11
2024;BV1;30/11/2024;AllCustomers;HKBU;HKD;232994382.37
2024;BV1;30/11/2024;AllCustomers;HUBU;HUF;10260818788.47
2024;BV1;30/11/2024;AllCustomers;IEBU;EUR;30885014.02
2024;BV1;30/11/2024;AllCustomers;ILBU;ILS;108707413.35
2024;BV1;30/11/2024;AllCustomers;IMBU;GBP;25734035.76
2024;BV1;30/11/2024;AllCustomers;IOBU;USD;20261644.37
2024;BV1;30/11/2024;AllCustomers;ISBU;ISK;4034477779.89
2024;BV1;30/11/2024;AllCustomers;ITBU;EUR;38818343.37
2024;BV1;30/11/2024;AllCustomers;JEBU;GBP;26658644.02
2024;BV1;30/11/2024;AllCustomers;JPBU;JPY;3159599345.82
2024;BV1;30/11/2024;AllCustomers;KRBU;KRW;63216868677.66
2024;BV1;30/11/2024;AllCustomers;KWBU;KWD;17610587.73
2024;BV1;30/11/2024;AllCustomers;KYBU;KYD;19060874.37
2024;BV1;30/11/2024;AllCustomers;LIBU;CHF;137567879.69
2024;BV1;30/11/2024;AllCustomers;LTBU;EUR;25128622.37
2024;BV1;30/11/2024;AllCustomers;LUBU;EUR;49161974.37
2024;BV1;30/11/2024;AllCustomers;LVBU;EUR;21802051.07
2024;BV1;30/11/2024;AllCustomers;MCBU;EUR;230104549.81
2024;BV1;30/11/2024;AllCustomers;MSBU;XCD;55833941.52
2024;BV1;30/11/2024;AllCustomers;MTBU;EUR;55954731.26
2024;BV1;30/11/2024;AllCustomers;MYBU;MYR;131703903.61
2024;BV1;30/11/2024;AllCustomers;NLBU;EUR;31281695.16
2024;BV1;30/11/2024;AllCustomers;NOBU;NOK;473642057.28
2024;BV1;30/11/2024;AllCustomers;NZBU;NZD;82629317.44
2024;BV1;30/11/2024;AllCustomers;OMBU;OMR;17338403.49
2024;BV1;30/11/2024;AllCustomers;PLBU;PLN;97645379.58
2024;BV1;30/11/2024;AllCustomers;PNBU;NZD;48980443.02
2024;BV1;30/11/2024;AllCustomers;PTBU;EUR;19009694.86
2024;BV1;30/11/2024;AllCustomers;QABU;QAR;224808419.65
2024;BV1;30/11/2024;AllCustomers;SABU;SAR;209881310.05
2024;BV1;30/11/2024;AllCustomers;SEBU;SEK;443369626.42
2024;BV1;30/11/2024;AllCustomers;SGBU;SGD;51559175.17
2024;BV1;30/11/2024;AllCustomers;SHBU;SHP;20480137.51
2024;BV1;30/11/2024;AllCustomers;SIBU;EUR;26161386.57
2024;BV1;30/11/2024;AllCustomers;SKBU;EUR;21314979.83
2024;BV1;30/11/2024;AllCustomers;SMBU;EUR;327848642.62
2024;BV1;30/11/2024;AllCustomers;TWBU;TWD;633665852.27
2024;BV1;30/11/2024;AllCustomers;USBU;USD;25125328.9
2024;BV1;30/11/2024;AllCustomers;VABU;EUR;230180987.34
2024;BV1;30/11/2024;AllCustomers;VGBU;USD;25228291.69
2024;BV1;30/11/2024;AllCustomers;WFBU;XPF;2922529674.93
2024;BV1;30/11/2024;AllCustomers;ZABU;ZAR;325571654.93
2024;BV1;31/12/2024;AllCustomers;ADBU;EUR;87743155.32
2024;BV1;31/12/2024;AllCustomers;AEBU;AED;218876458.74
2024;BV1;31/12/2024;AllCustomers;ATBU;EUR;28704646.81
2024;BV1;31/12/2024;AllCustomers;AUBU;AUD;39824579.65
2024;BV1;31/12/2024;AllCustomers;BEBU;EUR;51573313.65
2024;BV1;31/12/2024;AllCustomers;BHBU;BHD;15958842.49
2024;BV1;31/12/2024;AllCustomers;BMBU;BMD;26241719.07
2024;BV1;31/12/2024;AllCustomers;CABU;CAD;87039050.82
2024;BV1;31/12/2024;AllCustomers;CHBU;CHF;40404320.63
2024;BV1;31/12/2024;AllCustomers;CYBU;EUR;27516878.37
2024;BV1;31/12/2024;AllCustomers;CZBU;CZK;518167351.34
2024;BV1;31/12/2024;AllCustomers;DEBU;EUR;17764543.8
2024;BV1;31/12/2024;AllCustomers;DKBU;DKK;358646455.98
2024;BV1;31/12/2024;AllCustomers;EEBU;EUR;31800938.63
2024;BV1;31/12/2024;AllCustomers;ESBU;EUR;35876677.59
2024;BV1;31/12/2024;AllCustomers;FIBU;EUR;26348892.14
2024;BV1;31/12/2024;AllCustomers;FKBU;FKP;20811507.8
2024;BV1;31/12/2024;AllCustomers;FOBU;DKK;129483143.28
2024;BV1;31/12/2024;AllCustomers;FRBU;EUR;30148848.93
2024;BV1;31/12/2024;AllCustomers;GBBU;GBP;22972206.09
2024;BV1;31/12/2024;AllCustomers;GGBU;GBP;14402997.22
2024;BV1;31/12/2024;AllCustomers;GIBU;GIP;32358181.23
2024;BV1;31/12/2024;AllCustomers;GRBU;EUR;33384598.53
2024;BV1;31/12/2024;AllCustomers;HKBU;HKD;190240788.4
2024;BV1;31/12/2024;AllCustomers;HUBU;HUF;10277446276.0
2024;BV1;31/12/2024;AllCustomers;IEBU;EUR;25379433.89
2024;BV1;31/12/2024;AllCustomers;ILBU;ILS;76559015.22
2024;BV1;31/12/2024;AllCustomers;IMBU;GBP;19496335.39
2024;BV1;31/12/2024;AllCustomers;IOBU;USD;20906099.98
2024;BV1;31/12/2024;AllCustomers;ISBU;ISK;4057174909.58
2024;BV1;31/12/2024;AllCustomers;ITBU;EUR;50607288.45
2024;BV1;31/12/2024;AllCustomers;JEBU;GBP;20257200.1
2024;BV1;31/12/2024;AllCustomers;JPBU;JPY;3303057169.76
2024;BV1;31/12/2024;AllCustomers;KRBU;KRW;63360002168.39
2024;BV1;31/12/2024;AllCustomers;KWBU;KWD;18478440.8
2024;BV1;31/12/2024;AllCustomers;KYBU;KYD;19383935.8
2024;BV1;31/12/2024;AllCustomers;LIBU;CHF;191559931.72
2024;BV1;31/12/2024;AllCustomers;LTBU;EUR;22938723.94
2024;BV1;31/12/2024;AllCustomers;LUBU;EUR;63133541.75
2024;BV1;31/12/2024;AllCustomers;LVBU;EUR;29046291.72
2024;BV1;31/12/2024;AllCustomers;MCBU;EUR;168820521.35
2024;BV1;31/12/2024;AllCustomers;MSBU;XCD;53426351.04
2024;BV1;31/12/2024;AllCustomers;MTBU;EUR;54298416.84
2024;BV1;31/12/2024;AllCustomers;MYBU;MYR;112998976.61
2024;BV1;31/12/2024;AllCustomers;NLBU;EUR;20323824.6
2024;BV1;31/12/2024;AllCustomers;NOBU;NOK;388936778.92
2024;BV1;31/12/2024;AllCustomers;NZBU;NZD;92124416.1
2024;BV1;31/12/2024;AllCustomers;OMBU;OMR;14259892.81
2024;BV1;31/12/2024;AllCustomers;PLBU;PLN;88951992.9
2024;BV1;31/12/2024;AllCustomers;PNBU;NZD;47486569.12
2024;BV1;31/12/2024;AllCustomers;PTBU;EUR;27212020.73
2024;BV1;31/12/2024;AllCustomers;QABU;QAR;206420211.42
2024;BV1;31/12/2024;AllCustomers;SABU;SAR;224356615.15
2024;BV1;31/12/2024;AllCustomers;SEBU;SEK;574764930.85
2024;BV1;31/12/2024;AllCustomers;SGBU;SGD;78261493.66
2024;BV1;31/12/2024;AllCustomers;SHBU;SHP;13852235.4
2024;BV1;31/12/2024;AllCustomers;SIBU;EUR;25686284.5
2024;BV1;31/12/2024;AllCustomers;SKBU;EUR;23654668.76
2024;BV1;31/12/2024;AllCustomers;SMBU;EUR;206819371.87
2024;BV1;31/12/2024;AllCustomers;TWBU;TWD;859480417.9
2024;BV1;31/12/2024;AllCustomers;USBU;USD;21027085.75
2024;BV1;31/12/2024;AllCustomers;VABU;EUR;203882576.14
2024;BV1;31/12/2024;AllCustomers;VGBU;USD;20228083.37
2024;BV1;31/12/2024;AllCustomers;WFBU;XPF;3118359315.19
2024;BV1;31/12/2024;AllCustomers;ZABU;ZAR;332526457.43
2025;BV1;31/01/2025;AllCustomers;ADBU;EUR;85876247.4
2025;BV1;31/01/2025;AllCustomers;AEBU;AED;194169097.44
2025;BV1;31/01/2025;AllCustomers;ATBU;EUR;28776957.98
2025;BV1;31/01/2025;AllCustomers;AUBU;AUD;28714792.29
2025;BV1;31/01/2025;AllCustomers;BEBU;EUR;65508542.42
2025;BV1;31/01/2025;AllCustomers;BHBU;BHD;23109400.19
2025;BV1;31/01/2025;AllCustomers;BMBU;BMD;34369332.96
2025;BV1;31/01/2025;AllCustomers;CABU;CAD;72281348.36
2025;BV1;31/01/2025;AllCustomers;CHBU;CHF;66978889.37
2025;BV1;31/01/2025;AllCustomers;CYBU;EUR;24144601.98
2025;BV1;31/01/2025;AllCustomers;CZBU;CZK;830811428.68
2025;BV1;31/01/2025;AllCustomers;DEBU;EUR;22203506.86
2025;BV1;31/01/2025;AllCustomers;DKBU;DKK;385566541.78
2025;BV1;31/01/2025;AllCustomers;EEBU;EUR;19065978.45
2025;BV1;31/01/2025;AllCustomers;ESBU;EUR;47076029.74
2025;BV1;31/01/2025;AllCustomers;FIBU;EUR;21125939.94
2025;BV1;31/01/2025;AllCustomers;FKBU;FKP;25804628.54
2025;BV1;31/01/2025;AllCustomers;FOBU;DKK;223587935.59
2025;BV1;31/01/2025;AllCustomers;FRBU;EUR;20960610.79
2025;BV1;31/01/2025;AllCustomers;GBBU;GBP;19392612.62
2025;BV1;31/01/2025;AllCustomers;GGBU;GBP;17675309.84
2025;BV1;31/01/2025;AllCustomers;GIBU;GIP;55249877.37
2025;BV1;31/01/2025;AllCustomers;GRBU;EUR;34618859.97
2025;BV1;31/01/2025;AllCustomers;HKBU;HKD;271925403.12
2025;BV1;31/01/2025;AllCustomers;HUBU;HUF;11910554197.89
2025;BV1;31/01/2025;AllCustomers;IEBU;EUR;28994936.55
2025;BV1;31/01/2025;AllCustomers;ILBU;ILS;117335489.2
2025;BV1;31/01/2025;AllCustomers;IMBU;GBP;25504924.1
2025;BV1;31/01/2025;AllCustomers;IOBU;USD;29370008.34
2025;BV1;31/01/2025;AllCustomers;ISBU;ISK;3650879906.89
2025;BV1;31/01/2025;AllCustomers;ITBU;EUR;46096917.76
2025;BV1;31/01/2025;AllCustomers;JEBU;GBP;16130806.37
2025;BV1;31/01/2025;AllCustomers;JPBU;JPY;2767320088.53
2025;BV1;31/01/2025;AllCustomers;KRBU;KRW;84193064017.35
2025;BV1;31/01/2025;AllCustomers;KWBU;KWD;18727959.84
2025;BV1;31/01/2025;AllCustomers;KYBU;KYD;18196351.98
2025;BV1;31/01/2025;AllCustomers;LIBU;CHF;150476820.43
2025;BV1;31/01/2025;AllCustomers;LTBU;EUR;27115370.94
2025;BV1;31/01/2025;AllCustomers;LUBU;EUR;35518852.44
2025;BV1;31/01/2025;AllCustomers;LVBU;EUR;28389868.63
2025;BV1;31/01/2025;AllCustomers;MCBU;EUR;326531967.46
2025;BV1;31/01/2025;AllCustomers;MSBU;XCD;63464192.67
2025;BV1;31/01/2025;AllCustomers;MTBU;EUR;69315406.62
2025;BV1;31/01/2025;AllCustomers;MYBU;MYR;123214539.77
2025;BV1;31/01/2025;AllCustomers;NLBU;EUR;22241701.25
2025;BV1;31/01/2025;AllCustomers;NOBU;NOK;554294109.93
2025;BV1;31/01/2025;AllCustomers;NZBU;NZD;88257376.57
2025;BV1;31/01/2025;AllCustomers;OMBU;OMR;27116342.17
2025;BV1;31/01/2025;AllCustomers;PLBU;PLN;102626881.57
2025;BV1;31/01/2025;AllCustomers;PNBU;NZD;50118613.12
2025;BV1;31/01/2025;AllCustomers;PTBU;EUR;24840672.06
2025;BV1;31/01/2025;AllCustomers;QABU;QAR;197757163.75
2025;BV1;31/01/2025;AllCustomers;SABU;SAR;294864994.41
2025;BV1;31/01/2025;AllCustomers;SEBU;SEK;523716251.39
2025;BV1;31/01/2025;AllCustomers;SGBU;SGD;83286544.23
2025;BV1;31/01/2025;AllCustomers;SHBU;SHP;25588033.49
2025;BV1;31/01/2025;AllCustomers;SIBU;EUR;26494487.92
2025;BV1;31/01/2025;AllCustomers;SKBU;EUR;24623552.12
2025;BV1;31/01/2025;AllCustomers;SMBU;EUR;278714646.93
2025;BV1;31/01/2025;AllCustomers;TWBU;TWD;716018885.52
2025;BV1;31/01/2025;AllCustomers;USBU;USD;35458244.21
2025;BV1;31/01/2025;AllCustomers;VABU;EUR;184629440.02
2025;BV1;31/01/2025;AllCustomers;VGBU;USD;30829815.28
2025;BV1;31/01/2025;AllCustomers;WFBU;XPF;3498999158.57
2025;BV1;31/01/2025;AllCustomers;ZABU;ZAR;537931709.71
2025;BV1;28/02/2025;AllCustomers;ADBU;EUR;71781577.69
2025;BV1;28/02/2025;AllCustomers;AEBU;AED;258025706.62
2025;BV1;28/02/2025;AllCustomers;ATBU;EUR;23546146.68
2025;BV1;28/02/2025;AllCustomers;AUBU;AUD;29123407.4
2025;BV1;28/02/2025;AllCustomers;BEBU;EUR;42083494.93
2025;BV1;28/02/2025;AllCustomers;BHBU;BHD;15157351.08
2025;BV1;28/02/2025;AllCustomers;BMBU;BMD;36645714.04
2025;BV1;28/02/2025;AllCustomers;CABU;CAD;55701691.61
2025;BV1;28/02/2025;AllCustomers;CHBU;CHF;56161948.43
2025;BV1;28/02/2025;AllCustomers;CYBU;EUR;18428462.76
2025;BV1;28/02/2025;AllCustomers;CZBU;CZK;532757302.67
2025;BV1;28/02/2025;AllCustomers;DEBU;EUR;20536917.71
2025;BV1;28/02/2025;AllCustomers;DKBU;DKK;495898556.77
2025;BV1;28/02/2025;AllCustomers;EEBU;EUR;34581180.75
2025;BV1;28/02/2025;AllCustomers;ESBU;EUR;53491784.22
2025;BV1;28/02/2025;AllCustomers;FIBU;EUR;19389476.0
2025;BV1;28/02/2025;AllCustomers;FKBU;FKP;21410105.63
2025;BV1;28/02/2025;AllCustomers;FOBU;DKK;174388564.43
2025;BV1;28/02/2025;AllCustomers;FRBU;EUR;19332034.09
2025;BV1;28/02/2025;AllCustomers;GBBU;GBP;23422774.42
2025;BV1;28/02/2025;AllCustomers;GGBU;GBP;21200098.44
2025;BV1;28/02/2025;AllCustomers;GIBU;GIP;33050360.78
2025;BV1;28/02/2025;AllCustomers;GRBU;EUR;18570226.89
2025;BV1;28/02/2025;AllCustomers;HKBU;HKD;226495441.73
2025;BV1;28/02/2025;AllCustomers;HUBU;HUF;9116290877.35
2025;BV1;28/02/2025;AllCustomers;IEBU;EUR;21541455.56
2025;BV1;28/02/2025;AllCustomers;ILBU;ILS;106548240.23
2025;BV1;28/02/2025;AllCustomers;IMBU;GBP;17566344.04
2025;BV1;28/02/2025;AllCustomers;IOBU;USD;34721241.97
2025;BV1;28/02/2025;AllCustomers;ISBU;ISK;3803464567.44
2025;BV1;28/02/2025;AllCustomers;ITBU;EUR;59671733.55
2025;BV1;28/02/2025;AllCustomers;JEBU;GBP;22769024.2
2025;BV1;28/02/2025;AllCustomers;JPBU;JPY;3412453854.94
2025;BV1;28/02/2025;AllCustomers;KRBU;KRW;100920892655.98
2025;BV1;28/02/2025;AllCustomers;KWBU;KWD;17191744.96
2025;BV1;28/02/2025;AllCustomers;KYBU;KYD;17435892.92
2025;BV1;28/02/2025;AllCustomers;LIBU;CHF;188573165.88
2025;BV1;28/02/2025;AllCustomers;LTBU;EUR;20314908.42
2025;BV1;28/02/2025;AllCustomers;LUBU;EUR;53626803.24
2025;BV1;28/02/2025;AllCustomers;LVBU;EUR;21649266.6
2025;BV1;28/02/2025;AllCustomers;MCBU;EUR;320329930.87
2025;BV1;28/02/2025;AllCustomers;MSBU;XCD;100430186.29
2025;BV1;28/02/2025;AllCustomers;MTBU;EUR;65968671.35
2025;BV1;28/02/2025;AllCustomers;MYBU;MYR;109455507.2
2025;BV1;28/02/2025;AllCustomers;NLBU;EUR;21780329.22
2025;BV1;28/02/2025;AllCustomers;NOBU;NOK;560651376.57
2025;BV1;28/02/2025;AllCustomers;NZBU;NZD;92591772.32
2025;BV1;28/02/2025;AllCustomers;OMBU;OMR;18367230.1
2025;BV1;28/02/2025;AllCustomers;PLBU;PLN;99760425.82
2025;BV1;28/02/2025;AllCustomers;PNBU;NZD;36999169.37
2025;BV1;28/02/2025;AllCustomers;PTBU;EUR;26428437.7
2025;BV1;28/02/2025;AllCustomers;QABU;QAR;192006928.42
2025;BV1;28/02/2025;AllCustomers;SABU;SAR;208413395.65
2025;BV1;28/02/2025;AllCustomers;SEBU;SEK;657464745.94
2025;BV1;28/02/2025;AllCustomers;SGBU;SGD;76036173.75
2025;BV1;28/02/2025;AllCustomers;SHBU;SHP;24047463.14
2025;BV1;28/02/2025;AllCustomers;SIBU;EUR;22238798.07
2025;BV1;28/02/2025;AllCustomers;SKBU;EUR;32297642.44
2025;BV1;28/02/2025;AllCustomers;SMBU;EUR;329951225.06
2025;BV1;28/02/2025;AllCustomers;TWBU;TWD;947465116.4
2025;BV1;28/02/2025;AllCustomers;USBU;USD;24571741.7
2025;BV1;28/02/2025;AllCustomers;VABU;EUR;176691951.23
2025;BV1;28/02/2025;AllCustomers;VGBU;USD;20834688.01
2025;BV1;28/02/2025;AllCustomers;WFBU;XPF;2512540450.87
2025;BV1;28/02/2025;AllCustomers;ZABU;ZAR;407817820.17
2025;BV1;31/03/2025;AllCustomers;ADBU;EUR;81194282.65
2025;BV1;31/03/2025;AllCustomers;AEBU;AED;260636881.56
2025;BV1;31/03/2025;AllCustomers;ATBU;EUR;26753755.91
2025;BV1;31/03/2025;AllCustomers;AUBU;AUD;31350885.85
2025;BV1;31/03/2025;AllCustomers;BEBU;EUR;48014948.69
2025;BV1;31/03/2025;AllCustomers;BHBU;BHD;20077436.71
2025;BV1;31/03/2025;AllCustomers;BMBU;BMD;32295667.82
2025;BV1;31/03/2025;AllCustomers;CABU;CAD;68521567.59
2025;BV1;31/03/2025;AllCustomers;CHBU;CHF;65661814.23
2025;BV1;31/03/2025;AllCustomers;CYBU;EUR;21132954.61
2025;BV1;31/03/2025;AllCustomers;CZBU;CZK;702167789.91
2025;BV1;31/03/2025;AllCustomers;DEBU;EUR;26342163.35
2025;BV1;31/03/2025;AllCustomers;DKBU;DKK;494578347.84
2025;BV1;31/03/2025;AllCustomers;EEBU;EUR;23616749.57
2025;BV1;31/03/2025;AllCustomers;ESBU;EUR;63760152.11
2025;BV1;31/03/2025;AllCustomers;FIBU;EUR;30511592.89
2025;BV1;31/03/2025;AllCustomers;FKBU;FKP;24514627.31
2025;BV1;31/03/2025;AllCustomers;FOBU;DKK;226327867.81
2025;BV1;31/03/2025;AllCustomers;FRBU;EUR;26253471.14
2025;BV1;31/03/2025;AllCustomers;GBBU;GBP;19072952.78
2025;BV1;31/03/2025;AllCustomers;GGBU;GBP;18389959.85
2025;BV1;31/03/2025;AllCustomers;GIBU;GIP;48531045.16
2025;BV1;31/03/2025;AllCustomers;GRBU;EUR;25992303.31
2025;BV1;31/03/2025;AllCustomers;HKBU;HKD;164073475.32
2025;BV1;31/03/2025;AllCustomers;HUBU;HUF;8545039830.04
2025;BV1;31/03/2025;AllCustomers;IEBU;EUR;28913360.74
2025;BV1;31/03/2025;AllCustomers;ILBU;ILS;97735406.9
2025;BV1;31/03/2025;AllCustomers;IMBU;GBP;17966926.28
2025;BV1;31/03/2025;AllCustomers;IOBU;USD;30988654.29
2025;BV1;31/03/2025;AllCustomers;ISBU;ISK;3961210855.84
2025;BV1;31/03/2025;AllCustomers;ITBU;EUR;44494895.66
2025;BV1;31/03/2025;AllCustomers;JEBU;GBP;18015169.39
2025;BV1;31/03/2025;AllCustomers;JPBU;JPY;2887334230.4
2025;BV1;31/03/2025;AllCustomers;KRBU;KRW;94882157571.98
2025;BV1;31/03/2025;AllCustomers;KWBU;KWD;12542288.81
2025;BV1;31/03/2025;AllCustomers;KYBU;KYD;23739498.69
2025;BV1;31/03/2025;AllCustomers;LIBU;CHF;151156083.0
2025;BV1;31/03/2025;AllCustomers;LTBU;EUR;34568082.17
2025;BV1;31/03/2025;AllCustomers;LUBU;EUR;40816022.04
2025;BV1;31/03/2025;AllCustomers;LVBU;EUR;20652027.45
2025;BV1;31/03/2025;AllCustomers;MCBU;EUR;213257287.94
2025;BV1;31/03/2025;AllCustomers;MSBU;XCD;88310023.95
2025;BV1;31/03/2025;AllCustomers;MTBU;EUR;36084017.13
2025;BV1;31/03/2025;AllCustomers;MYBU;MYR;89073910.32
2025;BV1;31/03/2025;AllCustomers;NLBU;EUR;24236133.57
2025;BV1;31/03/2025;AllCustomers;NOBU;NOK;553714664.34
2025;BV1;31/03/2025;AllCustomers;NZBU;NZD;74928236.76
2025;BV1;31/03/2025;AllCustomers;OMBU;OMR;21307984.42
2025;BV1;31/03/2025;AllCustomers;PLBU;PLN;114905941.3
2025;BV1;31/03/2025;AllCustomers;PNBU;NZD;35625645.94
2025;BV1;31/03/2025;AllCustomers;PTBU;EUR;20588315.47
2025;BV1;31/03/2025;AllCustomers;QABU;QAR;148916670.94
2025;BV1;31/03/2025;AllCustomers;SABU;SAR;277508443.65
2025;BV1;31/03/2025;AllCustomers;SEBU;SEK;583303421.95
2025;BV1;31/03/2025;AllCustomers;SGBU;SGD;84941108.45
2025;BV1;31/03/2025;AllCustomers;SHBU;SHP;19563617.87
2025;BV1;31/03/2025;AllCustomers;SIBU;EUR;20412432.9
2025;BV1;31/03/2025;AllCustomers;SKBU;EUR;27934861.38
2025;BV1;31/03/2025;AllCustomers;SMBU;EUR;371811022.6
2025;BV1;31/03/2025;AllCustomers;TWBU;TWD;920615585.92
2025;BV1;31/03/2025;AllCustomers;USBU;USD;36259965.63
2025;BV1;31/03/2025;AllCustomers;VABU;EUR;170351444.9
2025;BV1;31/03/2025;AllCustomers;VGBU;USD;21702934.67
2025;BV1;31/03/2025;AllCustomers;WFBU;XPF;3430771601.52
2025;BV1;31/03/2025;AllCustomers;ZABU;ZAR;311796221.7
2025;BV1;30/04/2025;AllCustomers;ADBU;EUR;73925474.49
2025;BV1;30/04/2025;AllCustomers;AEBU;AED;273472307.8
2025;BV1;30/04/2025;AllCustomers;ATBU;EUR;20381560.74
2025;BV1;30/04/2025;AllCustomers;AUBU;AUD;48302268.58
2025;BV1;30/04/2025;AllCustomers;BEBU;EUR;60952210.87
2025;BV1;30/04/2025;AllCustomers;BHBU;BHD;23521897.6
2025;BV1;30/04/2025;AllCustomers;BMBU;BMD;23648486.37
2025;BV1;30/04/2025;AllCustomers;CABU;CAD;88739068.41
2025;BV1;30/04/2025;AllCustomers;CHBU;CHF;50973020.25
2025;BV1;30/04/2025;AllCustomers;CYBU;EUR;24658929.33
2025;BV1;30/04/2025;AllCustomers;CZBU;CZK;789702213.61
2025;BV1;30/04/2025;AllCustomers;DEBU;EUR;30867113.58
2025;BV1;30/04/2025;AllCustomers;DKBU;DKK;514102536.72
2025;BV1;30/04/2025;AllCustomers;EEBU;EUR;29933957.0
2025;BV1;30/04/2025;AllCustomers;ESBU;EUR;42018703.85
2025;BV1;30/04/2025;AllCustomers;FIBU;EUR;29190065.02
2025;BV1;30/04/2025;AllCustomers;FKBU;FKP;24614404.85
2025;BV1;30/04/2025;AllCustomers;FOBU;DKK;151303827.65
2025;BV1;30/04/2025;AllCustomers;FRBU;EUR;27726058.37
2025;BV1;30/04/2025;AllCustomers;GBBU;GBP;25625255.83
2025;BV1;30/04/2025;AllCustomers;GGBU;GBP;23928684.69
2025;BV1;30/04/2025;AllCustomers;GIBU;GIP;31208436.62
2025;BV1;30/04/2025;AllCustomers;GRBU;EUR;24768528.02
2025;BV1;30/04/2025;AllCustomers;HKBU;HKD;216323663.19
2025;BV1;30/04/2025;AllCustomers;HUBU;HUF;10576979114.75
2025;BV1;30/04/2025;AllCustomers;IEBU;EUR;21043018.16
2025;BV1;30/04/2025;AllCustomers;ILBU;ILS;116966637.83
2025;BV1;30/04/2025;AllCustomers;IMBU;GBP;14919140.51
2025;BV1;30/04/2025;AllCustomers;IOBU;USD;25282995.13
2025;BV1;30/04/2025;AllCustomers;ISBU;ISK;2914464582.65
2025;BV1;30/04/2025;AllCustomers;ITBU;EUR;43987032.15
2025;BV1;30/04/2025;AllCustomers;JEBU;GBP;23841413.27
2025;BV1;30/04/2025;AllCustomers;JPBU;JPY;3960509636.68
2025;BV1;30/04/2025;AllCustomers;KRBU;KRW;82311305912.68
2025;BV1;30/04/2025;AllCustomers;KWBU;KWD;18761615.49
2025;BV1;30/04/2025;AllCustomers;KYBU;KYD;20260458.99
2025;BV1;30/04/2025;AllCustomers;LIBU;CHF;154232784.05
2025;BV1;30/04/2025;AllCustomers;LTBU;EUR;28333632.97
2025;BV1;30/04/2025;AllCustomers;LUBU;EUR;70113670.99
2025;BV1;30/04/2025;AllCustomers;LVBU;EUR;23429085.33
2025;BV1;30/04/2025;AllCustomers;MCBU;EUR;225762752.6
2025;BV1;30/04/2025;AllCustomers;MSBU;XCD;69408781.1
2025;BV1;30/04/2025;AllCustomers;MTBU;EUR;63216725.64
2025;BV1;30/04/2025;AllCustomers;MYBU;MYR;86075591.13
2025;BV1;30/04/2025;AllCustomers;NLBU;EUR;32050836.56
2025;BV1;30/04/2025;AllCustomers;NOBU;NOK;415101153.11
2025;BV1;30/04/2025;AllCustomers;NZBU;NZD;66147321.32
2025;BV1;30/04/2025;AllCustomers;OMBU;OMR;18782842.65
2025;BV1;30/04/2025;AllCustomers;PLBU;PLN;118819604.82
2025;BV1;30/04/2025;AllCustomers;PNBU;NZD;48468258.2
2025;BV1;30/04/2025;AllCustomers;PTBU;EUR;22131065.7
2025;BV1;30/04/2025;AllCustomers;QABU;QAR;264155882.09
2025;BV1;30/04/2025;AllCustomers;SABU;SAR;236120122.83
2025;BV1;30/04/2025;AllCustomers;SEBU;SEK;636142390.02
2025;BV1;30/04/2025;AllCustomers;SGBU;SGD;72727272.46
2025;BV1;30/04/2025;AllCustomers;SHBU;SHP;20586305.19
2025;BV1;30/04/2025;AllCustomers;SIBU;EUR;24349220.7
2025;BV1;30/04/2025;AllCustomers;SKBU;EUR;20118819.96
2025;BV1;30/04/2025;AllCustomers;SMBU;EUR;285716673.16
2025;BV1;30/04/2025;AllCustomers;TWBU;TWD;1009255753.43
2025;BV1;30/04/2025;AllCustomers;USBU;USD;34009180.4
2025;BV1;30/04/2025;AllCustomers;VABU;EUR;220185093.79
2025;BV1;30/04/2025;AllCustomers;VGBU;USD;31192722.67
2025;BV1;30/04/2025;AllCustomers;WFBU;XPF;2923177132.07
2025;BV1;30/04/2025;AllCustomers;ZABU;ZAR;548796145.05
2025;BV1;31/05/2025;AllCustomers;ADBU;EUR;74066495.84
2025;BV1;31/05/2025;AllCustomers;AEBU;AED;236822273.98
2025;BV1;31/05/2025;AllCustomers;ATBU;EUR;30368829.62
2025;BV1;31/05/2025;AllCustomers;AUBU;AUD;40810671.77
2025;BV1;31/05/2025;AllCustomers;BEBU;EUR;47775036.45
2025;BV1;31/05/2025;AllCustomers;BHBU;BHD;16921133.29
2025;BV1;31/05/2025;AllCustomers;BMBU;BMD;23806079.83
2025;BV1;31/05/2025;AllCustomers;CABU;CAD;73656330.67
2025;BV1;31/05/2025;AllCustomers;CHBU;CHF;47943998.98
2025;BV1;31/05/2025;AllCustomers;CYBU;EUR;26166191.96
2025;BV1;31/05/2025;AllCustomers;CZBU;CZK;797157665.93
2025;BV1;31/05/2025;AllCustomers;DEBU;EUR;20131172.21
2025;BV1;31/05/2025;AllCustomers;DKBU;DKK;495566700.09
2025;BV1;31/05/2025;AllCustomers;EEBU;EUR;25244219.85
2025;BV1;31/05/2025;AllCustomers;ESBU;EUR;39212603.99
2025;BV1;31/05/2025;AllCustomers;FIBU;EUR;34551355.38
2025;BV1;31/05/2025;AllCustomers;FKBU;FKP;15510341.77
2025;BV1;31/05/2025;AllCustomers;FOBU;DKK;147580346.62
2025;BV1;31/05/2025;AllCustomers;FRBU;EUR;20481285.64
2025;BV1;31/05/2025;AllCustomers;GBBU;GBP;14877348.73
2025;BV1;31/05/2025;AllCustomers;GGBU;GBP;14616238.88
2025;BV1;31/05/2025;AllCustomers;GIBU;GIP;42497606.13
2025;BV1;31/05/2025;AllCustomers;GRBU;EUR;26877734.74
2025;BV1;31/05/2025;AllCustomers;HKBU;HKD;292868433.13
2025;BV1;31/05/2025;AllCustomers;HUBU;HUF;7196047126.68
2025;BV1;31/05/2025;AllCustomers;IEBU;EUR;20210247.67
2025;BV1;31/05/2025;AllCustomers;ILBU;ILS;81644020.78
2025;BV1;31/05/2025;AllCustomers;IMBU;GBP;18279547.98
2025;BV1;31/05/2025;AllCustomers;IOBU;USD;30675786.03
2025;BV1;31/05/2025;AllCustomers;ISBU;ISK;2965233245.55
2025;BV1;31/05/2025;AllCustomers;ITBU;EUR;47317163.99
2025;BV1;31/05/2025;AllCustomers;JEBU;GBP;24513184.02
2025;BV1;31/05/2025;AllCustomers;JPBU;JPY;4215211102.42
2025;BV1;31/05/2025;AllCustomers;KRBU;KRW;108825945599.85
2025;BV1;31/05/2025;AllCustomers;KWBU;KWD;14175205.03
2025;BV1;31/05/2025;AllCustomers;KYBU;KYD;26948319.77
2025;BV1;31/05/2025;AllCustomers;LIBU;CHF;147234173.93
2025;BV1;31/05/2025;AllCustomers;LTBU;EUR;22713762.36
2025;BV1;31/05/2025;AllCustomers;LUBU;EUR;39455261.18
2025;BV1;31/05/2025;AllCustomers;LVBU;EUR;26339013.94
2025;BV1;31/05/2025;AllCustomers;MCBU;EUR;193351564.04
2025;BV1;31/05/2025;AllCustomers;MSBU;XCD;76299196.92
2025;BV1;31/05/2025;AllCustomers;MTBU;EUR;47628597.37
2025;BV1;31/05/2025;AllCustomers;MYBU;MYR;81501529.67
2025;BV1;31/05/2025;AllCustomers;NLBU;EUR;19582771.11
2025;BV1;31/05/2025;AllCustomers;NOBU;NOK;424200112.69
2025;BV1;31/05/2025;AllCustomers;NZBU;NZD;58434132.41
2025;BV1;31/05/2025;AllCustomers;OMBU;OMR;23000352.28
2025;BV1;31/05/2025;AllCustomers;PLBU;PLN;119947549.67
2025;BV1;31/05/2025;AllCustomers;PNBU;NZD;49633655.58
2025;BV1;31/05/2025;AllCustomers;PTBU;EUR;27652055.08
2025;BV1;31/05/2025;AllCustomers;QABU;QAR;211168783.05
2025;BV1;31/05/2025;AllCustomers;SABU;SAR;272589302.92
2025;BV1;31/05/2025;AllCustomers;SEBU;SEK;584172293.24
2025;BV1;31/05/2025;AllCustomers;SGBU;SGD;91831715.78
2025;BV1;31/05/2025;AllCustomers;SHBU;SHP;17913901.06
2025;BV1;31/05/2025;AllCustomers;SIBU;EUR;21287432.86
2025;BV1;31/05/2025;AllCustomers;SKBU;EUR;19120763.71
2025;BV1;31/05/2025;AllCustomers;SMBU;EUR;209350402.84
2025;BV1;31/05/2025;AllCustomers;TWBU;TWD;687528453.25
2025;BV1;31/05/2025;AllCustomers;USBU;USD;19817969.49
2025;BV1;31/05/2025;AllCustomers;VABU;EUR;158327162.51
2025;BV1;31/05/2025;AllCustomers;VGBU;USD;25662294.41
2025;BV1;31/05/2025;AllCustomers;WFBU;XPF;2430284511.89
2025;BV1;31/05/2025;AllCustomers;ZABU;ZAR;450126896.5
2025;BV1;30/06/2025;AllCustomers;ADBU;EUR;56184357.78
2025;BV1;30/06/2025;AllCustomers;AEBU;AED;217186691.55
2025;BV1;30/06/2025;AllCustomers;ATBU;EUR;27355403.58
2025;BV1;30/06/2025;AllCustomers;AUBU;AUD;34849628.97
2025;BV1;30/06/2025;AllCustomers;BEBU;EUR;39261578.44
2025;BV1;30/06/2025;AllCustomers;BHBU;BHD;16723807.62
2025;BV1;30/06/2025;AllCustomers;BMBU;BMD;21864730.27
2025;BV1;30/06/2025;AllCustomers;CABU;CAD;85907391.45
2025;BV1;30/06/2025;AllCustomers;CHBU;CHF;64433096.23
2025;BV1;30/06/2025;AllCustomers;CYBU;EUR;20436369.96
2025;BV1;30/06/2025;AllCustomers;CZBU;CZK;814420098.98
2025;BV1;30/06/2025;AllCustomers;DEBU;EUR;30698157.23
2025;BV1;30/06/2025;AllCustomers;DKBU;DKK;303444945.74
2025;BV1;30/06/2025;AllCustomers;EEBU;EUR;28595219.91
2025;BV1;30/06/2025;AllCustomers;ESBU;EUR;46078323.15
2025;BV1;30/06/2025;AllCustomers;FIBU;EUR;19535945.63
2025;BV1;30/06/2025;AllCustomers;FKBU;FKP;14903147.97
2025;BV1;30/06/2025;AllCustomers;FOBU;DKK;240350888.22
2025;BV1;30/06/2025;AllCustomers;FRBU;EUR;32276250.49
2025;BV1;30/06/2025;AllCustomers;GBBU;GBP;24061642.89
2025;BV1;30/06/2025;AllCustomers;GGBU;GBP;25822204.51
2025;BV1;30/06/2025;AllCustomers;GIBU;GIP;52882216.26
2025;BV1;30/06/2025;AllCustomers;GRBU;EUR;27878051.56
2025;BV1;30/06/2025;AllCustomers;HKBU;HKD;237637595.35
2025;BV1;30/06/2025;AllCustomers;HUBU;HUF;10001904291.98
2025;BV1;30/06/2025;AllCustomers;IEBU;EUR;25590264.12
2025;BV1;30/06/2025;AllCustomers;ILBU;ILS;97462308.53
2025;BV1;30/06/2025;AllCustomers;IMBU;GBP;23546538.78
2025;BV1;30/06/2025;AllCustomers;IOBU;USD;38544512.08
2025;BV1;30/06/2025;AllCustomers;ISBU;ISK;3505459372.95
2025;BV1;30/06/2025;AllCustomers;ITBU;EUR;62067517.05
2025;BV1;30/06/2025;AllCustomers;JEBU;GBP;21727605.37
2025;BV1;30/06/2025;AllCustomers;JPBU;JPY;2190812916.08
2025;BV1;30/06/2025;AllCustomers;KRBU;KRW;88860471307.91
2025;BV1;30/06/2025;AllCustomers;KWBU;KWD;21634978.24
2025;BV1;30/06/2025;AllCustomers;KYBU;KYD;24020135.91
2025;BV1;30/06/2025;AllCustomers;LIBU;CHF;151214606.65
2025;BV1;30/06/2025;AllCustomers;LTBU;EUR;35591687.09
2025;BV1;30/06/2025;AllCustomers;LUBU;EUR;58852624.03
2025;BV1;30/06/2025;AllCustomers;LVBU;EUR;22637669.72
2025;BV1;30/06/2025;AllCustomers;MCBU;EUR;292250108.42
2025;BV1;30/06/2025;AllCustomers;MSBU;XCD;72325472.59
2025;BV1;30/06/2025;AllCustomers;MTBU;EUR;52506504.23
2025;BV1;30/06/2025;AllCustomers;MYBU;MYR;105412357.76
2025;BV1;30/06/2025;AllCustomers;NLBU;EUR;23838886.17
2025;BV1;30/06/2025;AllCustomers;NOBU;NOK;441051833.73
2025;BV1;30/06/2025;AllCustomers;NZBU;NZD;74013095.87
2025;BV1;30/06/2025;AllCustomers;OMBU;OMR;28050976.14
2025;BV1;30/06/2025;AllCustomers;PLBU;PLN;96466016.83
2025;BV1;30/06/2025;AllCustomers;PNBU;NZD;58711584.12
2025;BV1;30/06/2025;AllCustomers;PTBU;EUR;17915708.91
2025;BV1;30/06/2025;AllCustomers;QABU;QAR;178845763.64
2025;BV1;30/06/2025;AllCustomers;SABU;SAR;292657948.18
2025;BV1;30/06/2025;AllCustomers;SEBU;SEK;515769677.83
2025;BV1;30/06/2025;AllCustomers;SGBU;SGD;100006389.9
2025;BV1;30/06/2025;AllCustomers;SHBU;SHP;20454909.43
2025;BV1;30/06/2025;AllCustomers;SIBU;EUR;18271096.73
2025;BV1;30/06/2025;AllCustomers;SKBU;EUR;32185248.1
2025;BV1;30/06/2025;AllCustomers;SMBU;EUR;292774763.36
2025;BV1;30/06/2025;AllCustomers;TWBU;TWD;912155833.29
2025;BV1;30/06/2025;AllCustomers;USBU;USD;31547108.44
2025;BV1;30/06/2025;AllCustomers;VABU;EUR;266157674.82
2025;BV1;30/06/2025;AllCustomers;VGBU;USD;25353584.85
2025;BV1;30/06/2025;AllCustomers;WFBU;XPF;3201267558.4
2025;BV1;30/06/2025;AllCustomers;ZABU;ZAR;575385739.3
2025;BV1;31/07/2025;AllCustomers;ADBU;EUR;83813844.21
2025;BV1;31/07/2025;AllCustomers;AEBU;AED;173879379.27
2025;BV1;31/07/2025;AllCustomers;ATBU;EUR;33367940.46
2025;BV1;31/07/2025;AllCustomers;AUBU;AUD;34919039.68
2025;BV1;31/07/2025;AllCustomers;BEBU;EUR;39237805.7
2025;BV1;31/07/2025;AllCustomers;BHBU;BHD;16411592.17
2025;BV1;31/07/2025;AllCustomers;BMBU;BMD;21066894.8
2025;BV1;31/07/2025;AllCustomers;CABU;CAD;63047763.59
2025;BV1;31/07/2025;AllCustomers;CHBU;CHF;68470772.08
2025;BV1;31/07/2025;AllCustomers;CYBU;EUR;31475233.83
2025;BV1;31/07/2025;AllCustomers;CZBU;CZK;725662135.95
2025;BV1;31/07/2025;AllCustomers;DEBU;EUR;31782771.78
2025;BV1;31/07/2025;AllCustomers;DKBU;DKK;320204664.9
2025;BV1;31/07/2025;AllCustomers;EEBU;EUR;19633925.4
2025;BV1;31/07/2025;AllCustomers;ESBU;EUR;50467865.82
2025;BV1;31/07/2025;AllCustomers;FIBU;EUR;31687027.1
2025;BV1;31/07/2025;AllCustomers;FKBU;FKP;19384458.21
2025;BV1;31/07/2025;AllCustomers;FOBU;DKK;216941223.23
2025;BV1;31/07/2025;AllCustomers;FRBU;EUR;30597105.55
2025;BV1;31/07/2025;AllCustomers;GBBU;GBP;16510637.81
2025;BV1;31/07/2025;AllCustomers;GGBU;GBP;17779731.24
2025;BV1;31/07/2025;AllCustomers;GIBU;GIP;48570526.87
2025;BV1;31/07/2025;AllCustomers;GRBU;EUR;28040724.5
2025;BV1;31/07/2025;AllCustomers;HKBU;HKD;206045594.92
2025;BV1;31/07/2025;AllCustomers;HUBU;HUF;10882335098.94
2025;BV1;31/07/2025;AllCustomers;IEBU;EUR;25473344.81
2025;BV1;31/07/2025;AllCustomers;ILBU;ILS;95338553.06
2025;BV1;31/07/2025;AllCustomers;IMBU;GBP;24570842.92
2025;BV1;31/07/2025;AllCustomers;IOBU;USD;26213213.91
2025;BV1;31/07/2025;AllCustomers;ISBU;ISK;4110431301.92
2025;BV1;31/07/2025;AllCustomers;ITBU;EUR;68601751.05
2025;BV1;31/07/2025;AllCustomers;JEBU;GBP;26340558.18
2025;BV1;31/07/2025;AllCustomers;JPBU;JPY;2966886209.74
2025;BV1;31/07/2025;AllCustomers;KRBU;KRW;85937953646.36
2025;BV1;31/07/2025;AllCustomers;KWBU;KWD;22193615.67
2025;BV1;31/07/2025;AllCustomers;KYBU;KYD;16161606.84
2025;BV1;31/07/2025;AllCustomers;LIBU;CHF;168158969.93
2025;BV1;31/07/2025;AllCustomers;LTBU;EUR;22279451.44
2025;BV1;31/07/2025;AllCustomers;LUBU;EUR;44425256.54
2025;BV1;31/07/2025;AllCustomers;LVBU;EUR;28096579.48
2025;BV1;31/07/2025;AllCustomers;MCBU;EUR;236546520.77
2025;BV1;31/07/2025;AllCustomers;MSBU;XCD;62421651.91
2025;BV1;31/07/2025;AllCustomers;MTBU;EUR;45296053.79
2025;BV1;31/07/2025;AllCustomers;MYBU;MYR;134530104.6
2025;BV1;31/07/2025;AllCustomers;NLBU;EUR;29195172.47
2025;BV1;31/07/2025;AllCustomers;NOBU;NOK;495903347.85
2025;BV1;31/07/2025;AllCustomers;NZBU;NZD;93092294.22
2025;BV1;31/07/2025;AllCustomers;OMBU;OMR;23692480.63
2025;BV1;31/07/2025;AllCustomers;PLBU;PLN;103525060.85
2025;BV1;31/07/2025;AllCustomers;PNBU;NZD;32858342.32
2025;BV1;31/07/2025;AllCustomers;PTBU;EUR;34368030.33
2025;BV1;31/07/2025;AllCustomers;QABU;QAR;209579008.57
2025;BV1;31/07/2025;AllCustomers;SABU;SAR;206044911.33
2025;BV1;31/07/2025;AllCustomers;SEBU;SEK;609632816.34
2025;BV1;31/07/2025;AllCustomers;SGBU;SGD;69812807.84
2025;BV1;31/07/2025;AllCustomers;SHBU;SHP;19341311.13
2025;BV1;31/07/2025;AllCustomers;SIBU;EUR;20026744.28
2025;BV1;31/07/2025;AllCustomers;SKBU;EUR;23614799.41
2025;BV1;31/07/2025;AllCustomers;SMBU;EUR;258870926.58
2025;BV1;31/07/2025;AllCustomers;TWBU;TWD;749454761.02
2025;BV1;31/07/2025;AllCustomers;USBU;USD;22779284.96
2025;BV1;31/07/2025;AllCustomers;VABU;EUR;177792017.54
2025;BV1;31/07/2025;AllCustomers;VGBU;USD;29628740.72
2025;BV1;31/07/2025;AllCustomers;WFBU;XPF;3868084284.07
2025;BV1;31/07/2025;AllCustomers;ZABU;ZAR;494441118.56
2025;BV1;31/08/2025;AllCustomers;ADBU;EUR;92866154.38
2025;BV1;31/08/2025;AllCustomers;AEBU;AED;168691481.31
2025;BV1;31/08/2025;AllCustomers;ATBU;EUR;30624463.86
2025;BV1;31/08/2025;AllCustomers;AUBU;AUD;40687284.85
2025;BV1;31/08/2025;AllCustomers;BEBU;EUR;44508770.36
2025;BV1;31/08/2025;AllCustomers;BHBU;BHD;20012443.73
2025;BV1;31/08/2025;AllCustomers;BMBU;BMD;27446562.27
2025;BV1;31/08/2025;AllCustomers;CABU;CAD;86605000.51
2025;BV1;31/08/2025;AllCustomers;CHBU;CHF;59942688.16
2025;BV1;31/08/2025;AllCustomers;CYBU;EUR;26529510.07
2025;BV1;31/08/2025;AllCustomers;CZBU;CZK;755888227.6
2025;BV1;31/08/2025;AllCustomers;DEBU;EUR;22016479.29
2025;BV1;31/08/2025;AllCustomers;DKBU;DKK;425434673.3
2025;BV1;31/08/2025;AllCustomers;EEBU;EUR;26531763.96
2025;BV1;31/08/2025;AllCustomers;ESBU;EUR;45959163.29
2025;BV1;31/08/2025;AllCustomers;FIBU;EUR;33085854.28
2025;BV1;31/08/2025;AllCustomers;FKBU;FKP;15673773.38
2025;BV1;31/08/2025;AllCustomers;FOBU;DKK;236433163.49
2025;BV1;31/08/2025;AllCustomers;FRBU;EUR;27944400.39
2025;BV1;31/08/2025;AllCustomers;GBBU;GBP;28816738.15
2025;BV1;31/08/2025;AllCustomers;GGBU;GBP;24723806.71
2025;BV1;31/08/2025;AllCustomers;GIBU;GIP;41509320.34
2025;BV1;31/08/2025;AllCustomers;GRBU;EUR;26438513.6
2025;BV1;31/08/2025;AllCustomers;HKBU;HKD;277411601.23
2025;BV1;31/08/2025;AllCustomers;HUBU;HUF;7884036776.27
2025;BV1;31/08/2025;AllCustomers;IEBU;EUR;18330161.68
2025;BV1;31/08/2025;AllCustomers;ILBU;ILS;130871751.42
2025;BV1;31/08/2025;AllCustomers;IMBU;GBP;23019364.27
2025;BV1;31/08/2025;AllCustomers;IOBU;USD;28535292.33
2025;BV1;31/08/2025;AllCustomers;ISBU;ISK;4095529698.09
2025;BV1;31/08/2025;AllCustomers;ITBU;EUR;41889118.05
2025;BV1;31/08/2025;AllCustomers;JEBU;GBP;22116866.98
2025;BV1;31/08/2025;AllCustomers;JPBU;JPY;4061751955.59
2025;BV1;31/08/2025;AllCustomers;KRBU;KRW;64195210110.03
2025;BV1;31/08/2025;AllCustomers;KWBU;KWD;22374976.64
2025;BV1;31/08/2025;AllCustomers;KYBU;KYD;21466270.15
2025;BV1;31/08/2025;AllCustomers;LIBU;CHF;214314375.97
2025;BV1;31/08/2025;AllCustomers;LTBU;EUR;31535914.91
2025;BV1;31/08/2025;AllCustomers;LUBU;EUR;53236070.89
2025;BV1;31/08/2025;AllCustomers;LVBU;EUR;27870899.97
2025;BV1;31/08/2025;AllCustomers;MCBU;EUR;227063505.29
2025;BV1;31/08/2025;AllCustomers;MSBU;XCD;55316166.37
2025;BV1;31/08/2025;AllCustomers;MTBU;EUR;52555439.86
2025;BV1;31/08/2025;AllCustomers;MYBU;MYR;131010763.3
2025;BV1;31/08/2025;AllCustomers;NLBU;EUR;23496177.35
2025;BV1;31/08/2025;AllCustomers;NOBU;NOK;601461596.21
2025;BV1;31/08/2025;AllCustomers;NZBU;NZD;75645445.51
2025;BV1;31/08/2025;AllCustomers;OMBU;OMR;23337574.28
2025;BV1;31/08/2025;AllCustomers;PLBU;PLN;105197705.33
2025;BV1;31/08/2025;AllCustomers;PNBU;NZD;43295369.82
2025;BV1;31/08/2025;AllCustomers;PTBU;EUR;28000240.92
2025;BV1;31/08/2025;AllCustomers;QABU;QAR;256191847.55
2025;BV1;31/08/2025;AllCustomers;SABU;SAR;184338859.54
2025;BV1;31/08/2025;AllCustomers;SEBU;SEK;513013141.41
2025;BV1;31/08/2025;AllCustomers;SGBU;SGD;100599922.49
2025;BV1;31/08/2025;AllCustomers;SHBU;SHP;20806885.19
2025;BV1;31/08/2025;AllCustomers;SIBU;EUR;21063527.21
2025;BV1;31/08/2025;AllCustomers;SKBU;EUR;20814442.01
2025;BV1;31/08/2025;AllCustomers;SMBU;EUR;193885477.23
2025;BV1;31/08/2025;AllCustomers;TWBU;TWD;794269174.17
2025;BV1;31/08/2025;AllCustomers;USBU;USD;28880061.34
2025;BV1;31/08/2025;AllCustomers;VABU;EUR;190562629.52
2025;BV1;31/08/2025;AllCustomers;VGBU;USD;25880102.61
2025;BV1;31/08/2025;AllCustomers;WFBU;XPF;3214223558.15
2025;BV1;31/08/2025;AllCustomers;ZABU;ZAR;365980970.69
2025;BV1;30/09/2025;AllCustomers;ADBU;EUR;57499650.52
2025;BV1;30/09/2025;AllCustomers;AEBU;AED;189398189.08
2025;BV1;30/09/2025;AllCustomers;ATBU;EUR;33232455.39
2025;BV1;30/09/2025;AllCustomers;AUBU;AUD;38157061.65
2025;BV1;30/09/2025;AllCustomers;BEBU;EUR;59724101.65
2025;BV1;30/09/2025;AllCustomers;BHBU;BHD;26863775.77
2025;BV1;30/09/2025;AllCustomers;BMBU;BMD;34911574.14
2025;BV1;30/09/2025;AllCustomers;CABU;CAD;69244613.57
2025;BV1;30/09/2025;AllCustomers;CHBU;CHF;54165635.94
2025;BV1;30/09/2025;AllCustomers;CYBU;EUR;24840439.94
2025;BV1;30/09/2025;AllCustomers;CZBU;CZK;711665425.59
2025;BV1;30/09/2025;AllCustomers;DEBU;EUR;19337503.18
2025;BV1;30/09/2025;AllCustomers;DKBU;DKK;409879746.46
2025;BV1;30/09/2025;AllCustomers;EEBU;EUR;20552473.97
2025;BV1;30/09/2025;AllCustomers;ESBU;EUR;49616615.78
2025;BV1;30/09/2025;AllCustomers;FIBU;EUR;28874795.39
2025;BV1;30/09/2025;AllCustomers;FKBU;FKP;26962185.33
2025;BV1;30/09/2025;AllCustomers;FOBU;DKK;188435980.71
2025;BV1;30/09/2025;AllCustomers;FRBU;EUR;31530529.01
2025;BV1;30/09/2025;AllCustomers;GBBU;GBP;20586959.7
2025;BV1;30/09/2025;AllCustomers;GGBU;GBP;19593908.39
2025;BV1;30/09/2025;AllCustomers;GIBU;GIP;43869612.23
2025;BV1;30/09/2025;AllCustomers;GRBU;EUR;32892987.61
2025;BV1;30/09/2025;AllCustomers;HKBU;HKD;175806756.9
2025;BV1;30/09/2025;AllCustomers;HUBU;HUF;10878535132.17
2025;BV1;30/09/2025;AllCustomers;IEBU;EUR;27265630.3
2025;BV1;30/09/2025;AllCustomers;ILBU;ILS;135444455.26
2025;BV1;30/09/2025;AllCustomers;IMBU;GBP;25654689.68
2025;BV1;30/09/2025;AllCustomers;IOBU;USD;29546476.08
2025;BV1;30/09/2025;AllCustomers;ISBU;ISK;3061318883.61
2025;BV1;30/09/2025;AllCustomers;ITBU;EUR;41185250.82
2025;BV1;30/09/2025;AllCustomers;JEBU;GBP;17775649.66
2025;BV1;30/09/2025;AllCustomers;JPBU;JPY;3149840385.55
2025;BV1;30/09/2025;AllCustomers;KRBU;KRW;110251084199.96
2025;BV1;30/09/2025;AllCustomers;KWBU;KWD;21681974.95
2025;BV1;30/09/2025;AllCustomers;KYBU;KYD;30223057.04
2025;BV1;30/09/2025;AllCustomers;LIBU;CHF;210807854.43
2025;BV1;30/09/2025;AllCustomers;LTBU;EUR;25064931.74
2025;BV1;30/09/2025;AllCustomers;LUBU;EUR;45018590.91
2025;BV1;30/09/2025;AllCustomers;LVBU;EUR;21855289.04
2025;BV1;30/09/2025;AllCustomers;MCBU;EUR;268485586.96
2025;BV1;30/09/2025;AllCustomers;MSBU;XCD;82647340.61
2025;BV1;30/09/2025;AllCustomers;MTBU;EUR;46553243.59
2025;BV1;30/09/2025;AllCustomers;MYBU;MYR;97166509.35
2025;BV1;30/09/2025;AllCustomers;NLBU;EUR;29512772.32
2025;BV1;30/09/2025;AllCustomers;NOBU;NOK;614371693.37
2025;BV1;30/09/2025;AllCustomers;NZBU;NZD;101325145.6
2025;BV1;30/09/2025;AllCustomers;OMBU;OMR;19606770.42
2025;BV1;30/09/2025;AllCustomers;PLBU;PLN;76622983.42
2025;BV1;30/09/2025;AllCustomers;PNBU;NZD;43350309.08
2025;BV1;30/09/2025;AllCustomers;PTBU;EUR;23915543.73
2025;BV1;30/09/2025;AllCustomers;QABU;QAR;273454680.67
2025;BV1;30/09/2025;AllCustomers;SABU;SAR;296080512.99
2025;BV1;30/09/2025;AllCustomers;SEBU;SEK;507920119.52
2025;BV1;30/09/2025;AllCustomers;SGBU;SGD;62737748.29
2025;BV1;30/09/2025;AllCustomers;SHBU;SHP;21156731.7
2025;BV1;30/09/2025;AllCustomers;SIBU;EUR;24695665.98
2025;BV1;30/09/2025;AllCustomers;SKBU;EUR;26528622.79
2025;BV1;30/09/2025;AllCustomers;SMBU;EUR;203626958.51
2025;BV1;30/09/2025;AllCustomers;TWBU;TWD;903031720.45
2025;BV1;30/09/2025;AllCustomers;USBU;USD;25116222.8
2025;BV1;30/09/2025;AllCustomers;VABU;EUR;228013494.7
2025;BV1;30/09/2025;AllCustomers;VGBU;USD;25079699.74
2025;BV1;30/09/2025;AllCustomers;WFBU;XPF;3210626570.02
2025;BV1;30/09/2025;AllCustomers;ZABU;ZAR;331150680.05
2025;BV1;31/10/2025;AllCustomers;ADBU;EUR;58513301.64
2025;BV1;31/10/2025;AllCustomers;AEBU;AED;230032586.85
2025;BV1;31/10/2025;AllCustomers;ATBU;EUR;34263688.61
2025;BV1;31/10/2025;AllCustomers;AUBU;AUD;34750965.02
2025;BV1;31/10/2025;AllCustomers;BEBU;EUR;44762019.56
2025;BV1;31/10/2025;AllCustomers;BHBU;BHD;24448791.7
2025;BV1;31/10/2025;AllCustomers;BMBU;BMD;27454324.0
2025;BV1;31/10/2025;AllCustomers;CABU;CAD;86405490.91
2025;BV1;31/10/2025;AllCustomers;CHBU;CHF;36990910.31
2025;BV1;31/10/2025;AllCustomers;CYBU;EUR;33744508.81
2025;BV1;31/10/2025;AllCustomers;CZBU;CZK;826232657.37
2025;BV1;31/10/2025;AllCustomers;DEBU;EUR;28816387.16
2025;BV1;31/10/2025;AllCustomers;DKBU;DKK;268277933.31
2025;BV1;31/10/2025;AllCustomers;EEBU;EUR;33809291.19
2025;BV1;31/10/2025;AllCustomers;ESBU;EUR;58193396.64
2025;BV1;31/10/2025;AllCustomers;FIBU;EUR;25003827.12
2025;BV1;31/10/2025;AllCustomers;FKBU;FKP;26641312.14
2025;BV1;31/10/2025;AllCustomers;FOBU;DKK;254651055.43
2025;BV1;31/10/2025;AllCustomers;FRBU;EUR;31813951.19
2025;BV1;31/10/2025;AllCustomers;GBBU;GBP;24123958.43
2025;BV1;31/10/2025;AllCustomers;GGBU;GBP;15731717.23
2025;BV1;31/10/2025;AllCustomers;GIBU;GIP;46854775.76
2025;BV1;31/10/2025;AllCustomers;GRBU;EUR;27415770.64
2025;BV1;31/10/2025;AllCustomers;HKBU;HKD;263582709.09
2025;BV1;31/10/2025;AllCustomers;HUBU;HUF;8153392849.24
2025;BV1;31/10/2025;AllCustomers;IEBU;EUR;23313876.43
2025;BV1;31/10/2025;AllCustomers;ILBU;ILS;122953845.53
2025;BV1;31/10/2025;AllCustomers;IMBU;GBP;23436610.37
2025;BV1;31/10/2025;AllCustomers;IOBU;USD;25462003.96
2025;BV1;31/10/2025;AllCustomers;ISBU;ISK;4650517603.65
2025;BV1;31/10/2025;AllCustomers;ITBU;EUR;49690849.68
2025;BV1;31/10/2025;AllCustomers;JEBU;GBP;18664871.26
2025;BV1;31/10/2025;AllCustomers;JPBU;JPY;3888167907.21
2025;BV1;31/10/2025;AllCustomers;KRBU;KRW;79120631514.21
2025;BV1;31/10/2025;AllCustomers;KWBU;KWD;21548253.72
2025;BV1;31/10/2025;AllCustomers;KYBU;KYD;21451213.29
2025;BV1;31/10/2025;AllCustomers;LIBU;CHF;141311030.8
2025;BV1;31/10/2025;AllCustomers;LTBU;EUR;21262663.88
2025;BV1;31/10/2025;AllCustomers;LUBU;EUR;60333007.23
2025;BV1;31/10/2025;AllCustomers;LVBU;EUR;29340200.08
2025;BV1;31/10/2025;AllCustomers;MCBU;EUR;331363248.95
2025;BV1;31/10/2025;AllCustomers;MSBU;XCD;64960124.5
2025;BV1;31/10/2025;AllCustomers;MTBU;EUR;65195227.77
2025;BV1;31/10/2025;AllCustomers;MYBU;MYR;135845197.75
2025;BV1;31/10/2025;AllCustomers;NLBU;EUR;19805475.46
2025;BV1;31/10/2025;AllCustomers;NOBU;NOK;404853937.88
2025;BV1;31/10/2025;AllCustomers;NZBU;NZD;106956668.96
2025;BV1;31/10/2025;AllCustomers;OMBU;OMR;21900405.4
2025;BV1;31/10/2025;AllCustomers;PLBU;PLN;91406174.27
2025;BV1;31/10/2025;AllCustomers;PNBU;NZD;38321137.48
2025;BV1;31/10/2025;AllCustomers;PTBU;EUR;23078173.77
2025;BV1;31/10/2025;AllCustomers;QABU;QAR;272920719.16
2025;BV1;31/10/2025;AllCustomers;SABU;SAR;204354996.72
2025;BV1;31/10/2025;AllCustomers;SEBU;SEK;393793425.2
2025;BV1;31/10/2025;AllCustomers;SGBU;SGD;74838581.94
2025;BV1;31/10/2025;AllCustomers;SHBU;SHP;25379835.03
2025;BV1;31/10/2025;AllCustomers;SIBU;EUR;30129506.87
2025;BV1;31/10/2025;AllCustomers;SKBU;EUR;34102443.81
2025;BV1;31/10/2025;AllCustomers;SMBU;EUR;216129407.5
2025;BV1;31/10/2025;AllCustomers;TWBU;TWD;1005639528.6
2025;BV1;31/10/2025;AllCustomers;USBU;USD;34406611.31
2025;BV1;31/10/2025;AllCustomers;VABU;EUR;194844083.81
2025;BV1;31/10/2025;AllCustomers;VGBU;USD;24674166.26
2025;BV1;31/10/2025;AllCustomers;WFBU;XPF;3221638932.35
2025;BV1;31/10/2025;AllCustomers;ZABU;ZAR;537186170.87
2025;BV1;30/11/2025;AllCustomers;ADBU;EUR;64971615.34
2025;BV1;30/11/2025;AllCustomers;AEBU;AED;259335920.04
2025;BV1;30/11/2025;AllCustomers;ATBU;EUR;31224752.12
2025;BV1;30/11/2025;AllCustomers;AUBU;AUD;34883410.78
2025;BV1;30/11/2025;AllCustomers;BEBU;EUR;54716937.74
2025;BV1;30/11/2025;AllCustomers;BHBU;BHD;18856450.83
2025;BV1;30/11/2025;AllCustomers;BMBU;BMD;28871257.31
2025;BV1;30/11/2025;AllCustomers;CABU;CAD;86016411.44
2025;BV1;30/11/2025;AllCustomers;CHBU;CHF;62847096.09
2025;BV1;30/11/2025;AllCustomers;CYBU;EUR;33551636.91
2025;BV1;30/11/2025;AllCustomers;CZBU;CZK;674334529.34
2025;BV1;30/11/2025;AllCustomers;DEBU;EUR;18790355.05
2025;BV1;30/11/2025;AllCustomers;DKBU;DKK;410518718.93
2025;BV1;30/11/2025;AllCustomers;EEBU;EUR;34915474.29
2025;BV1;30/11/2025;AllCustomers;ESBU;EUR;60085887.79
2025;BV1;30/11/2025;AllCustomers;FIBU;EUR;31612318.51
2025;BV1;30/11/2025;AllCustomers;FKBU;FKP;27571264.93
2025;BV1;30/11/2025;AllCustomers;FOBU;DKK;208748702.01
2025;BV1;30/11/2025;AllCustomers;FRBU;EUR;23963790.45
2025;BV1;30/11/2025;AllCustomers;GBBU;GBP;25880667.64
2025;BV1;30/11/2025;AllCustomers;GGBU;GBP;18272457.81
2025;BV1;30/11/2025;AllCustomers;GIBU;GIP;47845434.14
2025;BV1;30/11/2025;AllCustomers;GRBU;EUR;22135673.59
2025;BV1;30/11/2025;AllCustomers;HKBU;HKD;243858723.75
2025;BV1;30/11/2025;AllCustomers;HUBU;HUF;10318751417.87
2025;BV1;30/11/2025;AllCustomers;IEBU;EUR;35455341.18
2025;BV1;30/11/2025;AllCustomers;ILBU;ILS;116938113.99
2025;BV1;30/11/2025;AllCustomers;IMBU;GBP;26846376.02
2025;BV1;30/11/2025;AllCustomers;IOBU;USD;22777558.76
2025;BV1;30/11/2025;AllCustomers;ISBU;ISK;4402076082.31
2025;BV1;30/11/2025;AllCustomers;ITBU;EUR;43547750.67
2025;BV1;30/11/2025;AllCustomers;JEBU;GBP;27120302.26
2025;BV1;30/11/2025;AllCustomers;JPBU;JPY;3559797932.18
2025;BV1;30/11/2025;AllCustomers;KRBU;KRW;69009820689.34
2025;BV1;30/11/2025;AllCustomers;KWBU;KWD;19007441.35
2025;BV1;30/11/2025;AllCustomers;KYBU;KYD;19602285.07
2025;BV1;30/11/2025;AllCustomers;LIBU;CHF;148924257.6
2025;BV1;30/11/2025;AllCustomers;LTBU;EUR;26323476.01
2025;BV1;30/11/2025;AllCustomers;LUBU;EUR;52666250.14
2025;BV1;30/11/2025;AllCustomers;LVBU;EUR;24908628.47
2025;BV1;30/11/2025;AllCustomers;MCBU;EUR;243577188.14
2025;BV1;30/11/2025;AllCustomers;MSBU;XCD;58663522.15
2025;BV1;30/11/2025;AllCustomers;MTBU;EUR;65817472.99
2025;BV1;30/11/2025;AllCustomers;MYBU;MYR;151769719.23
2025;BV1;30/11/2025;AllCustomers;NLBU;EUR;33740053.96
2025;BV1;30/11/2025;AllCustomers;NOBU;NOK;548495192.22
2025;BV1;30/11/2025;AllCustomers;NZBU;NZD;89249414.67
2025;BV1;30/11/2025;AllCustomers;OMBU;OMR;19447607.67
2025;BV1;30/11/2025;AllCustomers;PLBU;PLN;107096084.05
2025;BV1;30/11/2025;AllCustomers;PNBU;NZD;51963958.71
2025;BV1;30/11/2025;AllCustomers;PTBU;EUR;20003688.91
2025;BV1;30/11/2025;AllCustomers;QABU;QAR;266755513.71
2025;BV1;30/11/2025;AllCustomers;SABU;SAR;225635536.58
2025;BV1;30/11/2025;AllCustomers;SEBU;SEK;491275077.43
2025;BV1;30/11/2025;AllCustomers;SGBU;SGD;57296956.35
2025;BV1;30/11/2025;AllCustomers;SHBU;SHP;21161481.82
2025;BV1;30/11/2025;AllCustomers;SIBU;EUR;26013278.0
2025;BV1;30/11/2025;AllCustomers;SKBU;EUR;24573603.56
2025;BV1;30/11/2025;AllCustomers;SMBU;EUR;378273863.94
2025;BV1;30/11/2025;AllCustomers;TWBU;TWD;622917184.12
2025;BV1;30/11/2025;AllCustomers;USBU;USD;27930063.94
2025;BV1;30/11/2025;AllCustomers;VABU;EUR;250989867.28
2025;BV1;30/11/2025;AllCustomers;VGBU;USD;26085414.26
2025;BV1;30/11/2025;AllCustomers;WFBU;XPF;3109807441.5
2025;BV1;30/11/2025;AllCustomers;ZABU;ZAR;330587296.27
2025;BV1;31/12/2025;AllCustomers;ADBU;EUR;92248217.0
2025;BV1;31/12/2025;AllCustomers;AEBU;AED;238698755.61
2025;BV1;31/12/2025;AllCustomers;ATBU;EUR;31576312.8
2025;BV1;31/12/2025;AllCustomers;AUBU;AUD;42298401.91
2025;BV1;31/12/2025;AllCustomers;BEBU;EUR;61175236.44
2025;BV1;31/12/2025;AllCustomers;BHBU;BHD;17515679.66
2025;BV1;31/12/2025;AllCustomers;BMBU;BMD;30286165.86
2025;BV1;31/12/2025;AllCustomers;CABU;CAD;92310337.9
2025;BV1;31/12/2025;AllCustomers;CHBU;CHF;41018090.37
2025;BV1;31/12/2025;AllCustomers;CYBU;EUR;31065545.96
2025;BV1;31/12/2025;AllCustomers;CZBU;CZK;540734909.02
2025;BV1;31/12/2025;AllCustomers;DEBU;EUR;19988522.65
2025;BV1;31/12/2025;AllCustomers;DKBU;DKK;413724778.93
2025;BV1;31/12/2025;AllCustomers;EEBU;EUR;32622786.28
2025;BV1;31/12/2025;AllCustomers;ESBU;EUR;41080494.13
2025;BV1;31/12/2025;AllCustomers;FIBU;EUR;28489921.46
2025;BV1;31/12/2025;AllCustomers;FKBU;FKP;20335775.29
2025;BV1;31/12/2025;AllCustomers;FOBU;DKK;133619979.41
2025;BV1;31/12/2025;AllCustomers;FRBU;EUR;32859663.5
2025;BV1;31/12/2025;AllCustomers;GBBU;GBP;24863423.12
2025;BV1;31/12/2025;AllCustomers;GGBU;GBP;15499035.65
2025;BV1;31/12/2025;AllCustomers;GIBU;GIP;36510260.9
2025;BV1;31/12/2025;AllCustomers;GRBU;EUR;34886770.37
2025;BV1;31/12/2025;AllCustomers;HKBU;HKD;221648932.04
2025;BV1;31/12/2025;AllCustomers;HUBU;HUF;11408387476.81
2025;BV1;31/12/2025;AllCustomers;IEBU;EUR;28721977.5
2025;BV1;31/12/2025;AllCustomers;ILBU;ILS;82246072.47
2025;BV1;31/12/2025;AllCustomers;IMBU;GBP;19399144.91
2025;BV1;31/12/2025;AllCustomers;IOBU;USD;23783956.35
2025;BV1;31/12/2025;AllCustomers;ISBU;ISK;4327844910.2
2025;BV1;31/12/2025;AllCustomers;ITBU;EUR;54345564.13
2025;BV1;31/12/2025;AllCustomers;JEBU;GBP;21595331.49
2025;BV1;31/12/2025;AllCustomers;JPBU;JPY;3427803540.86
2025;BV1;31/12/2025;AllCustomers;KRBU;KRW;70651149282.79
2025;BV1;31/12/2025;AllCustomers;KWBU;KWD;18801710.21
2025;BV1;31/12/2025;AllCustomers;KYBU;KYD;21200182.8
2025;BV1;31/12/2025;AllCustomers;LIBU;CHF;194113767.97
2025;BV1;31/12/2025;AllCustomers;LTBU;EUR;24641937.52
2025;BV1;31/12/2025;AllCustomers;LUBU;EUR;67840929.39
2025;BV1;31/12/2025;AllCustomers;LVBU;EUR;30465758.21
2025;BV1;31/12/2025;AllCustomers;MCBU;EUR;183276734.31
2025;BV1;31/12/2025;AllCustomers;MSBU;XCD;56976998.72
2025;BV1;31/12/2025;AllCustomers;MTBU;EUR;53032074.52
2025;BV1;31/12/2025;AllCustomers;MYBU;MYR;120986977.11
2025;BV1;31/12/2025;AllCustomers;NLBU;EUR;23474540.21
2025;BV1;31/12/2025;AllCustomers;NOBU;NOK;415700317.25
2025;BV1;31/12/2025;AllCustomers;NZBU;NZD;97009136.82
2025;BV1;31/12/2025;AllCustomers;OMBU;OMR;15165226.63
2025;BV1;31/12/2025;AllCustomers;PLBU;PLN;92508116.07
2025;BV1;31/12/2025;AllCustomers;PNBU;NZD;52231244.54
2025;BV1;31/12/2025;AllCustomers;PTBU;EUR;31531306.49
2025;BV1;31/12/2025;AllCustomers;QABU;QAR;233594860.71
2025;BV1;31/12/2025;AllCustomers;SABU;SAR;255896567.37
2025;BV1;31/12/2025;AllCustomers;SEBU;SEK;627958060.37
2025;BV1;31/12/2025;AllCustomers;SGBU;SGD;77708699.01
2025;BV1;31/12/2025;AllCustomers;SHBU;SHP;16465607.61
2025;BV1;31/12/2025;AllCustomers;SIBU;EUR;28051589.44
2025;BV1;31/12/2025;AllCustomers;SKBU;EUR;25553787.67
2025;BV1;31/12/2025;AllCustomers;SMBU;EUR;229029468.87
2025;BV1;31/12/2025;AllCustomers;TWBU;TWD;889499396.43
2025;BV1;31/12/2025;AllCustomers;USBU;USD;24061787.53
2025;BV1;31/12/2025;AllCustomers;VABU;EUR;246103638.1
2025;BV1;31/12/2025;AllCustomers;VGBU;USD;20684898.43
2025;BV1;31/12/2025;AllCustomers;WFBU;XPF;3156401911.18
2025;BV1;31/12/2025;AllCustomers;ZABU;ZAR;343420015.22
